/* ------------------------------------------------------------
Autor/Author: Alvaro Villarroel
Nombre base de datos/Database name: swellevents
Engine: MySql
---------------------------------------------------------------*/
DROP DATABASE IF EXISTS swellevents;
CREATE DATABASE swellevents;
USE swellevents;


/* ------------------------------------------------------------
Definición de la estructura de la base de datos
---------------------------------------------------------------*/
-- DROP TABLE IF EXISTS tipo_actividad;
CREATE TABLE tipo_actividad (
	 id_tipo_actividad integer,
     nombre_tipo_actividad varchar(50) not null,
     observacion varchar(20),
     PRIMARY KEY(id_tipo_actividad)
     
);


-- DROP TABLE IF EXISTS actividad;
CREATE TABLE actividad (
	id_actividad integer, 
    nombre_actividad varchar(50) not null,
    coste numeric(18,2) not null default 0,
    id_tipo_actividad integer,
    PRIMARY KEY(id_actividad),
    FOREIGN KEY(id_tipo_actividad) REFERENCES tipo_actividad(id_tipo_actividad) ON DELETE cascade
);


-- DROP TABLE IF EXISTS artista;
CREATE TABLE artista (
	id_artista integer,
    nombre_artista varchar(50) not null,
    cache numeric(18,2) not null,
    biografia varchar(1000) not null,
    PRIMARY KEY(id_artista)
);


-- DROP TABLE IF EXISTS asistente;
CREATE TABLE asistente (
	id_asistente integer,
    nombre1 varchar(100) not null,
    nombre2 varchar(100) not null,
    apellido1 varchar(100) not null,
    apellido2 varchar(100) not null,
    email varchar(100) not null,
    PRIMARY KEY(id_asistente)
);


-- DROP TABLE IF EXISTS ubicacion;
CREATE TABLE ubicacion (
	id_ubicacion integer,
    nombre_ubicacion varchar(200) not null,
    precio_alquiler numeric(18,2) not null,
    direccion varchar(200) not null,
    ciudad varchar(50) not null,
    aforo integer,
    caracteristicas varchar(1000) not null,
    PRIMARY KEY(id_ubicacion)
);


-- DROP TABLE IF EXISTS evento;
CREATE TABLE evento (
	id_evento integer,
    nombre_evento varchar(200) not null,
    precio_ticket numeric(18,2) not null,
    fecha timestamp not null,
    descripcion varchar(1000) not null,
    id_ubicacion integer,
    id_actividad integer,
    PRIMARY KEY(id_evento),
    FOREIGN KEY(id_ubicacion) REFERENCES ubicacion(id_ubicacion) ON DELETE cascade,
    FOREIGN KEY(id_actividad) REFERENCES actividad(id_actividad) ON DELETE cascade
);


-- DROP TABLE IF EXISTS actividad_artista;
CREATE TABLE actividad_artista (
	id_actividad_artista integer,
    id_actividad integer,
    id_artista integer,
    PRIMARY KEY(id_actividad_artista),
    FOREIGN KEY(id_actividad) REFERENCES actividad(id_actividad) ON DELETE cascade,
    FOREIGN KEY(id_artista) REFERENCES artista(id_artista) ON DELETE cascade
    
);


-- DROP TABLE IF EXISTS evento_asistente;
CREATE TABLE evento_asistente (
	id_evento_asistente integer,
    id_evento integer,
    id_asistente integer,
    PRIMARY KEY(id_evento_asistente),
    FOREIGN KEY(id_evento) REFERENCES evento(id_evento) ON DELETE cascade,
    FOREIGN KEY(id_asistente) REFERENCES asistente(id_asistente) ON DELETE cascade
    
);


-- DROP TABLE IF EXISTS telefono_asistente;
CREATE TABLE telefono_asistente (
	id_telefono_asistente integer,
    numero_telefono varchar(50) not null,
    id_asistente integer,
    PRIMARY KEY(id_telefono_asistente),
    FOREIGN KEY(id_asistente) REFERENCES asistente(id_asistente) ON DELETE cascade
    
);

/* ------------------------------------------------------------
Trigger
Inserción de datos
---------------------------------------------------------------*/
-- Trigger: actualiza coste en función del coste del artista, cuando se asocia un artista a la actividad
DELIMITER //
CREATE TRIGGER actualiza_coste_actividad AFTER INSERT ON actividad_artista
	FOR EACH ROW
	BEGIN
		DECLARE v_coste_artista DECIMAL(18,2);
        
        SELECT a.cache INTO v_coste_artista FROM swellevents.artista a WHERE a.id_artista = NEW.id_artista;
        
		UPDATE swellevents.actividad act SET act.coste = act.coste + v_coste_artista WHERE act.id_actividad = NEW.id_actividad;
	END;//
DELIMITER ;
-- Carga tabla tipo_actividad
INSERT INTO tipo_actividad(id_tipo_actividad, nombre_tipo_actividad, observacion) VALUES ('1', 'Concierto de música', 'Música Clásica');
INSERT INTO tipo_actividad(id_tipo_actividad, nombre_tipo_actividad) VALUES ('2', 'Exposición');
INSERT INTO tipo_actividad(id_tipo_actividad, nombre_tipo_actividad) VALUES ('3', 'Obra de teatro');
INSERT INTO tipo_actividad(id_tipo_actividad, nombre_tipo_actividad) VALUES ('4', 'Conferencia');
INSERT INTO tipo_actividad(id_tipo_actividad, nombre_tipo_actividad, observacion) VALUES ('5', 'Concierto de música', 'Rock');

-- Carga tabla actividad
INSERT INTO actividad (id_actividad, nombre_actividad, id_tipo_actividad) VALUES ('1', 'Pinkpop festival', 1);
INSERT INTO actividad (id_actividad, nombre_actividad, id_tipo_actividad) VALUES ('2', 'Music for everyone', 1);
INSERT INTO actividad (id_actividad, nombre_actividad, id_tipo_actividad) VALUES ('3', 'El lazarillo de tormes', 3);
INSERT INTO actividad (id_actividad, nombre_actividad, id_tipo_actividad) VALUES ('4', 'Festival musical UCM',1);
INSERT INTO actividad (id_actividad, nombre_actividad, id_tipo_actividad) VALUES ('5', 'Yayoi Kusama', 2);
INSERT INTO actividad (id_actividad, nombre_actividad, id_tipo_actividad) VALUES ('6', 'El rey leon', 3);
INSERT INTO actividad (id_actividad, nombre_actividad, id_tipo_actividad) VALUES ('7', 'Metallica en Madrid', 1);
INSERT INTO actividad (id_actividad, nombre_actividad, id_tipo_actividad) VALUES ('8', 'El lago de los cisnes', 3);
INSERT INTO actividad (id_actividad, nombre_actividad, id_tipo_actividad) VALUES ('9', 'Alejandro sanz en el lago', 1);
INSERT INTO actividad (id_actividad, nombre_actividad, id_tipo_actividad) VALUES ('10', 'Melody y el baile del gorilla', 1);

-- Carga tabla artista
INSERT INTO artista (id_artista, nombre_artista, cache, biografia) VALUES ('1', 'Alejandro Sanz', '10000.0', 'El mítico artista que definió generaciones.');
INSERT INTO artista (id_artista, nombre_artista, cache, biografia) VALUES ('2', 'Melendi', '3500.5', 'Con su corta trayectoria ha logrado conquistar miles de corazones');
INSERT INTO artista (id_artista, nombre_artista, cache, biografia) VALUES ('3', 'Taburete', '1566.8', 'El ícono del jenero urbano se ha robado los escenarios de Madrid');
INSERT INTO artista (id_artista, nombre_artista, cache, biografia) VALUES ('4', 'Yayoi Kusama', '1000.0', 'Nacida en 1967, Yayoi siempre presentó interés por el mundo artístico. A los 16 años ingresó a la académia de bellas artes de Tokyo donde pudo expresar su exuberante talento');
INSERT INTO artista (id_artista, nombre_artista, cache, biografia) VALUES ('5', 'Raule', '5001.3', 'Ganador del premio VMA en los estados unidos, se perfila como el artista a conseguir el TOP Billboard de este año');
INSERT INTO artista (id_artista, nombre_artista, cache, biografia) VALUES ('6', 'Dorian', '6544.0', 'Basta trayectoria en baladas y música electroacústica');
INSERT INTO artista (id_artista, nombre_artista, cache, biografia) VALUES ('7', 'Compañia de ballet nacional de España', '4500.0', 'Fundada en el año 1567, la compaía de ballet Nacional de españa, representa una tradición que enorgullece a todos los españoles');
INSERT INTO artista (id_artista, nombre_artista, cache, biografia) VALUES ('8', 'Cuerpo de teatro novatos UCM cohorte 2023', '0.0', 'Cuerpo de teatro novatos UCM cohorte 2023');

-- Carga tabla asistente
-- Se usa formato de bulk insert por motivos de performance
INSERT INTO asistente(id_asistente, nombre1, nombre2, apellido1, apellido2, email) VALUES 
('1', 'JASPREET', 'ANNABELLE', 'GARABAYA', 'RUIZ BERDEJO', 'email_1@example.com'),
('2', 'ALEXANDRA SOFIA', 'TSONKA', 'FRIEIRO', 'FERREROS', 'email_2@example.com'),
('3', 'NICUSOR', 'MARIUS DOREL', 'URIZARBARRENA', 'CORZO', 'email_3@example.com'),
('4', 'TINDAYA', 'ANA LOURDES', 'BECKER', 'BERGILLO', 'email_4@example.com'),
('5', 'MATILDE JESUS', 'ALICE ELENA', 'BALCAZAR', 'GOSALBEZ', 'email_5@example.com'),
('6', 'FATNA', 'LAURA BELEN', 'CASAU', 'MERCEDES', 'email_6@example.com'),
('7', 'JOSE RODRIGO', 'FRANCISCO SENEN', 'LECHADO', 'LENDOIRO', 'email_7@example.com'),
('8', 'HASNI', 'MARLON ALEXANDER', 'RENARD', 'OVEJA', 'email_8@example.com'),
('9', 'CHRISTIAN ORLANDO', 'ALBERT JESUS', 'BATLLE', 'ERRA', 'email_9@example.com'),
('10', 'AFRICA VICTORIA', 'AYNUR', 'TENZA', 'LAPORTE', 'email_10@example.com'),
('11', 'SEBASTIAN MARIAN', 'HAIMAR', 'ZAMFIRESCU', 'PORTELLA', 'email_11@example.com'),
('12', 'DUMITRU MIHAI', 'ISIDRO RAFAEL', 'ANTONELL', 'CIDON', 'email_12@example.com'),
('13', 'KEILY', 'KAREN LORENA', 'BENEDE', 'LINEROS', 'email_13@example.com'),
('14', 'CARLOS ALONSO', 'ADRIANUS', 'JUBERIAS', 'BARRONES', 'email_14@example.com'),
('15', 'ENRIQUE GABRIEL', 'ALAMI', 'PEDREROL', 'RUGAMA', 'email_15@example.com'),
('16', 'ENRIQUETA MARIA', 'ARACELI JESUS', 'DANI', 'DIAZ MAROTO', 'email_16@example.com'),
('17', 'MARIA PILAR MILAGROS', 'AN', 'PARRILLAS', 'RUDILLA', 'email_17@example.com'),
('18', 'NORBERTO MANUEL', 'JULIO CARLOS', 'MA√ëANA', 'MORETON', 'email_18@example.com'),
('19', 'FIONA MARIA', 'NANSI', 'MARGUENDA', 'LI√ëARES', 'email_19@example.com'),
('20', 'CARMEN CRISTINA', 'YESHICA', 'CANELADA', 'ARISTIMU√ëO', 'email_20@example.com'),
('21', 'XUEQIN', 'MEIRONG', 'BOCARDO', 'MALLORQUIN', 'email_21@example.com'),
('22', 'NICOLA JANE', 'CHUNYAN', 'NUTA', 'GALE', 'email_22@example.com'),
('23', 'ALEX MIGUEL', 'RON', 'SAORIN', 'EL KHALIFI', 'email_23@example.com'),
('24', 'MIRELA FLORENTINA', 'ODALYS', 'FONTCLARA', 'BENCOMO', 'email_24@example.com'),
('25', 'MARIA CARMEN PILAR', 'ILEANA MARIA', 'SAUBI', 'FELIZ', 'email_25@example.com'),
('26', 'JORDAN JESUS', 'JOSE JAVIER', 'VIADE', 'SUBTIL', 'email_26@example.com'),
('27', 'ANA CELINA', 'CARMEN CRUZ', 'KALAI', 'MUSAT', 'email_27@example.com'),
('28', 'SARA HELENA', 'KEIRA', 'BENETO', 'IDIAQUEZ', 'email_28@example.com'),
('29', 'MICHAEL ALEJANDRO', 'RAMON JULIAN', 'GUSTEMS', 'SOUMARE', 'email_29@example.com'),
('30', 'DANIEL CHARLES', 'CLAUDIO EDUARDO', 'ZALDUENDO', 'HALHOUL', 'email_30@example.com'),
('31', 'ALFREDO ROBERTO', 'EVGENII', 'SESTAYO', 'AMJAHAD', 'email_31@example.com'),
('32', 'AMAURI', 'ALVARO ANDRES', 'TUDORAN', 'LYON', 'email_32@example.com'),
('33', 'ALFONSO GREGORIO', 'ANUK', 'BERRON', 'CREVILLEN', 'email_33@example.com'),
('34', 'MIRIAN JESUS', 'MARIA ELISA', 'BAIXAULI', 'GOU', 'email_34@example.com'),
('35', 'IOAN RAUL', 'RAFAEL', 'BARAKAT', 'RECHE', 'email_35@example.com'),
('36', 'JOSE AMARO', 'ISAAC RAMON', 'MALIK', 'DANTAS', 'email_36@example.com'),
('37', 'JOSE FABIO', 'NICOLAS ANDRES', 'BERJANO', 'ROBLEDANO', 'email_37@example.com'),
('38', 'MARIE LOUISE', 'JENIFER MARIA', 'MILUD', 'STANCHEV', 'email_38@example.com'),
('39', 'MARYAN', 'MARIYA TODOROVA', 'TERCEROS', 'FOLGAR', 'email_39@example.com'),
('40', 'LIDA MARIA', 'XIUFEN', 'PINNA', 'ALAVA', 'email_40@example.com'),
('41', 'LOURDES ALICIA', 'MARIA MISERICORDIA', 'OCHANDORENA', 'RADUCANU', 'email_41@example.com'),
('42', 'ABELARDO JOSE', 'NIKA', 'FUMADO', 'MELLA', 'email_42@example.com'),
('43', 'MERCEDES MONTSERRAT', 'PILAR ANGELES', 'PRAENA', 'TOBES', 'email_43@example.com'),
('44', 'SIMON DAVID', 'FACUNDO MANUEL', 'BOIXADERA', 'NOSAS', 'email_44@example.com'),
('45', 'MANUELA MARGARITA', 'MARIA ARRATE', 'HERRASTI', 'AZKUNE', 'email_45@example.com'),
('46', 'ARCADIA', 'ANA PRISCILA', 'VILLASANA', 'VALLANO', 'email_46@example.com'),
('47', 'ISABEL AURORA', 'AILING', 'GONI', 'BOUSO√ëO', 'email_47@example.com'),
('48', 'JUAN VICTORIO', 'GUSTAVO JOSE', 'ALMUDEVER', 'CASAOS', 'email_48@example.com'),
('49', 'ENRIQUE ISAAC', 'MALAK', 'PEIRATS', 'RUBIN', 'email_49@example.com'),
('50', 'JULIA SARA', 'BELEN INMACULADA', 'TERRA', 'EL YAGOUBI', 'email_50@example.com'),
('51', 'PILAR EMILIA', 'MARIA ESCLAVITUD', 'AIBAR', 'ROSTOLL', 'email_51@example.com'),
('52', 'YOLANDA ELIZABETH', 'CARLA TATIANA', 'GARCIA MOCHALES', 'CAMPDERROS', 'email_52@example.com'),
('53', 'CARLOS MAXIMO', 'AKHTAR', 'ESCLAPEZ', 'TORTI', 'email_53@example.com'),
('54', 'MATILDE TERESA', 'MARIA SABINA', 'GUERREIRO', 'VENTAJA', 'email_54@example.com'),
('55', 'GRAHAM ROBERT', 'SIMON ANGEL', 'HERRASTI', 'BIBIAN', 'email_55@example.com'),
('56', 'CONRADO JESUS', 'FLORENTINO JAVIER', 'ACERO', 'CORDENTE', 'email_56@example.com'),
('57', 'GHEORGHE VIOREL', 'ALVARO MIGUEL', 'YEBOAH', 'FAJULA', 'email_57@example.com'),
('58', 'JOSE MARIA PEDRO', 'FETHI', 'VERDESOTO', 'MERCE', 'email_58@example.com'),
('59', 'SIMON JOSE', 'DARIUS ALEXANDRU', 'COLUNGA', 'CAPLLONCH', 'email_59@example.com'),
('60', 'MARCOS ALEXANDER', 'CECILIO JESUS', 'RENUNCIO', 'VERGAZ', 'email_60@example.com'),
('61', 'ANTONIO GABRIEL', 'GUILLERMO JULIO', 'SOMOVILLA', 'ASUA', 'email_61@example.com'),
('62', 'LUCAS FERNANDO', 'JOANNES', 'MARAVI', 'BALSAS', 'email_62@example.com'),
('63', 'JESUS', 'LESME', 'URIGOITIA', 'ARUFE', 'email_63@example.com'),
('64', 'ARELYS', 'YOBANA', 'TARAZON', 'AMOROS', 'email_64@example.com'),
('65', 'YOLIMA', 'FELICITACION', 'HUERTES', 'PAPAN', 'email_65@example.com'),
('66', 'ADRIANE', 'ROMINA NATALIA', 'GALLEGO DE LA SACRISTANA', 'VIGUERAS', 'email_66@example.com'),
('67', 'ANNA MIREIA', 'DENIZE', 'EL OUMARI', 'PES', 'email_67@example.com'),
('68', 'JOSE ARLEY', 'ANGEL JOSUE', 'DIOP', 'VITURRO', 'email_68@example.com'),
('69', 'AYTANA', 'IRENE ROSARIO', 'SANCHEZ PRIETO', 'AGUDELO', 'email_69@example.com'),
('70', 'GEORGIANA LOREDANA', 'SARA CAMILA', 'AIESTARAN', 'ROSU', 'email_70@example.com'),
('71', 'ANA JESUSA', 'JESUS MARIA', 'PERANCHO', 'GARCIA DEL PRADO', 'email_71@example.com'),
('72', 'CRISTIAN GHEORGHE', 'TIEMOKO', 'TREJO', 'MAR', 'email_72@example.com'),
('73', 'SHUANGFENG', 'GAUDIOSA', 'FORS', 'FRIAS', 'email_73@example.com'),
('74', 'PATRICIA ESMERALDA', 'LASTENIA', 'CORULLON', 'ORTIZ VILLAJOS', 'email_74@example.com'),
('75', 'GEMA LUISA', 'ELIZABETH CRISTINA', 'IRAURGUI', 'DUTAN', 'email_75@example.com'),
('76', 'NAYDA', 'INOCENCIA MARIA', 'DUBON', 'HORRACH', 'email_76@example.com'),
('77', 'EDWARD THOMAS', 'CHENGLONG', 'CUTRINA', 'CA√ëERO', 'email_77@example.com'),
('78', 'DANIELA LAURA', 'SARA ALEXANDRA', 'SALVO', 'PEDRALS', 'email_78@example.com'),
('79', 'NARCISO JAVIER', 'IGNACIO MATEO', 'TOLIVIA', 'MIJARES', 'email_79@example.com'),
('80', 'JALED', 'MAMADOU YAYA', 'FERRADA', 'BEMPOSTA', 'email_80@example.com'),
('81', 'LUIS RICARDO', 'PAUL MICHAEL', 'RUBI√ëOS', 'CANTABELLA', 'email_81@example.com'),
('82', 'GAROE', 'FRANCISCO SAUL', 'LERENA', 'VILLALOBOS', 'email_82@example.com'),
('83', 'CARLOS MAURICIO', 'JOSE DELFIN', 'GONG', 'DE LA BLANCA', 'email_83@example.com'),
('84', 'NENA', 'JOSEFINA ROSA', 'REDERO', 'SHAH', 'email_84@example.com'),
('85', 'GUSTAVO ARIEL', 'JESUS MAURICIO', 'ANDARIAS', 'SALTO', 'email_85@example.com'),
('86', 'RAMON DIONISIO', 'DAVID SALVADOR', 'ARISTEGUI', 'GHAZAL', 'email_86@example.com'),
('87', 'CHRISTIAN GIOVANNY', 'STEVE', 'QUINCOCES', 'IRURE', 'email_87@example.com'),
('88', 'RICO', 'PABLO ISIDRO', 'ORREQUIA', 'ZARACHO', 'email_88@example.com'),
('89', 'ABUL', 'EDUARDO DAMIAN', 'CASCAJOSA', 'MOGEDANO', 'email_89@example.com'),
('90', 'GUSTAVO JAVIER', 'PABLO TOMAS', 'YEREGUI', 'BARBADO', 'email_90@example.com'),
('91', 'RICARDO DAVID', 'JULIAN MAURICIO', 'PESET', 'KUNZ', 'email_91@example.com'),
('92', 'ZBIGNIEW', 'GERMAN ALFREDO', 'LUCENILLA', 'CASTILLEJA', 'email_92@example.com'),
('93', 'BORISLAVA', 'CLAUDINE', 'SARIEGO', 'PECERO', 'email_93@example.com'),
('94', 'JUAN NARCISO', 'JOHN ANDERSON', 'URTUBIA', 'BARROUHOU', 'email_94@example.com'),
('95', 'ANTONIO FELIX', 'DANIEL CRISTO', 'COLLAGUAZO', 'SOLANA', 'email_95@example.com'),
('96', 'CARLOS JOEL', 'JORGE CLAUDIO', 'BAHON', 'MOUJAHID', 'email_96@example.com'),
('97', 'FRANCISCO MARINO', 'ONUR', 'SERRATE', 'FILBA', 'email_97@example.com'),
('98', 'CLAUDIU LUCIAN', 'JOHN SAMUEL', 'RASERO', 'ES SALHI', 'email_98@example.com'),
('99', 'CRISTINA MAR', 'IOANA RODICA', 'CANGO', 'CASTA√ë', 'email_99@example.com'),
('100', 'OTILIA CARMEN', 'ARMANDINA', 'GARCIA TALAVERA', 'SIMONET', 'email_100@example.com'),
('101', 'ISABEL ADRIANA', 'ENRIQUETA MARIA', 'CHARKI', 'BARROT', 'email_101@example.com'),
('102', 'VIKAS', 'JAIME GERARDO', 'ROIGE', 'SANCHEZ MANJAVACAS', 'email_102@example.com'),
('103', 'FANNY ESPERANZA', 'SERINA', 'FRAN', 'CAVIA', 'email_103@example.com'),
('104', 'ABOUBACAR', 'WILDER', 'LASAOSA', 'MESTA', 'email_104@example.com'),
('105', 'BLANCA BEGO√ëA', 'EVA MERCEDES', 'STEELE', 'OSCAR', 'email_105@example.com'),
('106', 'RUBEN JUAN', 'JOSE AURELIO', 'EBRO', 'KARRERA', 'email_106@example.com'),
('107', 'RENE ALEXANDER', 'ADJUTORI', 'ZEBALLOS', 'ZELAIA', 'email_107@example.com'),
('108', 'SALAH', 'DANIEL CARLOS', 'ILLANAS', 'MAGIN', 'email_108@example.com'),
('109', 'NICOLAS ADRIAN', 'MIHAIL', 'BERROS', 'FORCA', 'email_109@example.com'),
('110', 'FLORINA MIHAELA', 'NORKA', 'MADRUGA', 'FONFRIA', 'email_110@example.com'),
('111', 'OU', 'SERGIO ALEXIS', 'RUIZ BRAVO', 'PUYUELO', 'email_111@example.com'),
('112', 'ANGEL STEVEN', 'ANDREI FLORIN', 'MERI', 'LANDER', 'email_112@example.com'),
('113', 'RAMATA', 'NELLY ROCIO', 'ARRONTE', 'PEREZ DE MENDIOLA', 'email_113@example.com'),
('114', 'LAURA ANDREEA', 'BARBARA ROSA', 'CRUELLAS', 'AFZAAL', 'email_114@example.com'),
('115', 'CLAUDIA FABIANA', 'ALBA IRENE', 'AMSELEM', 'RIVELLES', 'email_115@example.com'),
('116', 'ITHAN', 'PHILIPPE ANDRE', 'MIHUT', 'MACIAN', 'email_116@example.com'),
('117', 'ROXANA GABRIELA', 'MARIA RONCESVALLES', 'GARCIA RAMA', 'BANGUESES', 'email_117@example.com'),
('118', 'CATALINA ESPERANZA', 'FLOAREA', 'ALZA', 'VILCHEZ', 'email_118@example.com'),
('119', 'RIHANNA', 'MARIA SHEREZADE', 'SUNYER', 'PRIBOI', 'email_119@example.com'),
('120', 'ANDERSON JESUS', 'CELESTINO MANUEL', 'CASARRUBIO', 'VI√ëUELAS', 'email_120@example.com'),
('121', 'IRINA ALEXANDRA', 'MARTA ROSALIA', 'CARRILES', 'JMILI', 'email_121@example.com'),
('122', 'ROZALIA', 'AFAFE', 'TABARA', 'JACOBS', 'email_122@example.com'),
('123', 'BEVERLEY', 'VERONICA ANA', 'BOGALLO', 'VELARDIEZ', 'email_123@example.com'),
('124', 'AGNIESZKA MAGDALENA', 'SARA FILIPA', 'FERRIOLS', 'EL OUAFI', 'email_124@example.com'),
('125', 'EIDAN', 'OVIDIU ANDREI', 'HARRIS', 'VISSER', 'email_125@example.com'),
('126', 'MOSTAPHA', 'IGNACIO FELIX', 'GUILES', 'CARA', 'email_126@example.com'),
('127', 'TERESA RAFAELA', 'CARMEN SARAY', 'BIGORRA', 'MCKENNA', 'email_127@example.com'),
('128', 'ANGUSTIA', 'ZORAIDA MARIA', 'GOYENA', 'RANDALL', 'email_128@example.com'),
('129', 'MARIA CLARINES', 'MARINA FRANCISCA', 'TICU', 'ALIA√ëO', 'email_129@example.com'),
('130', 'RISHI', 'FREDDIE', 'GONZALEZ DE DURANA', 'HYDE', 'email_130@example.com'),
('131', 'AMANDO', 'ROLAN', 'ESCAYOLA', 'ALCUBIERRE', 'email_131@example.com'),
('132', 'MARIA ALDARA', 'HASANA', 'BENEROSO', 'DEL DIEGO', 'email_132@example.com'),
('133', 'OMAR DANIEL', 'ABUBAKER', 'ESTAVILLO', 'GILART', 'email_133@example.com'),
('134', 'CARMENZA', 'EVA CAROLINA', 'FERRET', 'CORDOVILLA', 'email_134@example.com'),
('135', 'POLYANA', 'MARIA DIAMANTINA', 'ALDUNATE', 'FATIH', 'email_135@example.com'),
('136', 'SANDRA BEATRIZ', 'VERONICA EDITH', 'FELEZ', 'VECIANA', 'email_136@example.com'),
('137', 'JEMA', 'ALICIA CECILIA', 'RAJ', 'ALAMA', 'email_137@example.com'),
('138', 'MAURICIO ENRIQUE', 'SANTIAGO ROBERTO', 'LANZAT', 'BARJOLLO', 'email_138@example.com'),
('139', 'PATRICIA MARGARITA', 'MARIA SINAI', 'VISCASILLAS', 'REFOJO', 'email_139@example.com'),
('140', 'MARC XAVIER', 'JUSTO PASTOR', 'EMPERADOR', 'LAINA', 'email_140@example.com'),
('141', 'GUSTAVO ROBERTO', 'JOHN ARTHUR', 'ALBIZ', 'GUIBERTEAU', 'email_141@example.com'),
('142', 'YVELISSE', 'KAREN FERNANDA', 'FRAILE', 'TESOURO', 'email_142@example.com'),
('143', 'MIHAI CATALIN', 'ARNE', 'MONLLOR', 'ESCUSOL', 'email_143@example.com'),
('144', 'ARBEN', 'JOSE JAIR', 'BIENES', 'REBOLLAR', 'email_144@example.com'),
('145', 'ILKA', 'JOSEFA CELIA', 'REPILA', 'GENESTAR', 'email_145@example.com'),
('146', 'RUYMAN JESUS', 'JEAN DANIEL', 'RAHALI', 'BANCILA', 'email_146@example.com'),
('147', 'MARCO ALEXANDER', 'JOSE NAUZET', 'LOMBARDIA', 'CORREAL', 'email_147@example.com'),
('148', 'GAMALIEL', 'MARCELO SEBASTIAN', 'RIVILLO', 'PERSONAL', 'email_148@example.com'),
('149', 'ENEMESIO', 'SARABJIT', 'OURO', 'PAGALDAY', 'email_149@example.com'),
('150', 'RENATA MARIA', 'MARTA BEGO√ëA', 'AKIL', 'PETRUT', 'email_150@example.com'),
('151', 'LADJI', 'DIEGO ALESSANDRO', 'POLINARIO', 'BERGONDO', 'email_151@example.com'),
('152', 'TORAHI', 'TANIA RAQUEL', 'PILLAJO', 'ASTORQUIA', 'email_152@example.com'),
('153', 'PABLO VINICIO', 'DUVAN', 'ALAMILLA', 'GATELL', 'email_153@example.com'),
('154', 'ERNESTINA', 'JESIKA', 'ALMIRALL', 'GORRIZ', 'email_154@example.com'),
('155', 'MONDAY', 'ANTONIO GABRIEL', 'CANSADO', 'BABIO', 'email_155@example.com'),
('156', 'LEBDAOUI', 'FRANCISCO HILARIO', 'BARGO', 'LOPEZ INFANTES', 'email_156@example.com'),
('157', 'SHAOHONG', 'ANA MARIA DOLORES', 'PICON', 'AGAPITO', 'email_157@example.com'),
('158', 'LUIS SEBASTIAN', 'JAVIER HERNAN', 'DONIS', 'OPREAN', 'email_158@example.com'),
('159', 'JUAN TEODORO', 'MIGUEL GERMAN', 'CUNCHILLOS', 'MABROUKI', 'email_159@example.com'),
('160', 'DORA CECILIA', 'HILDA GRACIELA', 'CHENLO', 'BA√ëARES', 'email_160@example.com'),
('161', 'DRAGOMIR', 'AMADOR MANUEL', 'REVIRIEGO', 'CEREZUELA', 'email_161@example.com'),
('162', 'CRISTOBAL MARIA', 'LORENZO SALVADOR', 'ANTWI', 'ILLAS', 'email_162@example.com'),
('163', 'KATHLEEN ANN', 'ANA MELISA', 'QUIJORNA', 'ELEXPURU', 'email_163@example.com'),
('164', 'ANCA ANDREEA', 'GLORIA ASCENSION', 'LOURO', 'GUZON', 'email_164@example.com'),
('165', 'DOLORES FRANCISCA', 'MERCEDES ENCARNACION', 'LOBATON', 'SHVETS', 'email_165@example.com'),
('166', 'IDOYA', 'CORDELIA', 'EL KANDOUSSI', 'IRAZABAL', 'email_166@example.com'),
('167', 'ANTONIO DANIEL', 'ARTUR JOSE', 'BOIXEDA', 'PENIN', 'email_167@example.com'),
('168', 'ANA PIEDAD', 'KAREN VALERIA', 'VIZUETA', 'MARA', 'email_168@example.com'),
('169', 'TOUCHA', 'BORISLAVA', 'LOSTADO', 'COMPA√ëO', 'email_169@example.com'),
('170', 'AYAT', 'JESSICA IVONNE', 'CASTILLA', 'FLORENSA', 'email_170@example.com'),
('171', 'JOSEP RAFEL', 'ADRIEL', 'GODWIN', 'ORDIZ', 'email_171@example.com'),
('172', 'JOAO ALBERTO', 'BRIGHT', 'LARREA', 'SUBIELA', 'email_172@example.com'),
('173', 'ILENIA MARIA', 'ILINA', 'BERTI', 'VERJANO', 'email_173@example.com'),
('174', 'JULIO EMILIO', 'CIRIACO', 'BELHADJ', 'REDERO', 'email_174@example.com'),
('175', 'CESAR CARLOS', 'ANGEL BERNABE', 'NAZARENO', 'CHORRO', 'email_175@example.com'),
('176', 'ELYAS', 'JORGE ARMANDO', 'PALOMAS', 'GALACHO', 'email_176@example.com'),
('177', 'YASEMIN', 'HAIZHEN', 'VECIANA', 'PERMANYER', 'email_177@example.com'),
('178', 'PEDRO ALBERTO', 'MARCOS CESAR', 'SITJAR', 'SAOUDI', 'email_178@example.com'),
('179', 'AZDIN', 'ROGER DANIEL', 'AZOUZI', 'NAVAJAS', 'email_179@example.com'),
('180', 'VANESA VERONICA', 'ANNA ELENA', 'ANACLETO', 'CRUCHAGA', 'email_180@example.com'),
('181', 'ANDREA PAULA', 'STEFANNY', 'ZAMARRO', 'GAETE', 'email_181@example.com'),
('182', 'NICOLETA GEORGIANA', 'MARIA LIA', 'RAMADAN', 'GOLFE', 'email_182@example.com'),
('183', 'LHOUCINE', 'BAUDELIO', 'ESTA√ë', 'DE LOS REYES', 'email_183@example.com'),
('184', 'RAI', 'ERNESTO VICENTE', 'MATADOR', 'CALSO', 'email_184@example.com'),
('185', 'YOUSUF', 'MOHAMMED TAHA', 'DONAZAR', 'LARBURU', 'email_185@example.com'),
('186', 'ARI√ëE', 'JAVERIA', 'AYUB', 'SOTOS', 'email_186@example.com'),
('187', 'CAROLINA NOEMI', 'ESTRELLA MARINA', 'BONNET', 'AZABAL', 'email_187@example.com'),
('188', 'ILEANA', 'MAYRA CAROLINA', 'ARCEREDILLO', 'GATICA', 'email_188@example.com'),
('189', 'GENESIS ELIZABETH', 'ALIONA', 'PUEBLAS', 'LLOBREGAT', 'email_189@example.com'),
('190', 'LUISA LUCIA', 'LAURA SOFIA', 'SANDOVAL', 'LOPEZ DE AGUILETA', 'email_190@example.com'),
('191', 'SIDDHARTA', 'GEORGE MARIUS', 'CAMBRON', 'GUADARRAMA', 'email_191@example.com'),
('192', 'ANTONIA ASCENSION', 'MARIA CORSINA', 'MERCHANTE', 'ASUAR', 'email_192@example.com'),
('193', 'ERICK DANIEL', 'SEBASTIAN ANTONIO', 'CHAUDHRY', 'ANDRADES', 'email_193@example.com'),
('194', 'DAENERYS', 'DOLORES JESUS', 'NAVAJO', 'MAJADAS', 'email_194@example.com'),
('195', 'ANDY', 'ARAN', 'RODRIGUEZ DE TEMBLEQUE', 'ARRAEZ', 'email_195@example.com'),
('196', 'HUI', 'MOHAMED KARIM', 'AGUSTIN', 'OTAZU', 'email_196@example.com'),
('197', 'SOLEDAD PILAR', 'LUISA PILAR', 'DE LA PE√ëA', 'LAGUNILLA', 'email_197@example.com'),
('198', 'DAVID CARMELO', 'GUOQING', 'MIRA', 'CANEDO', 'email_198@example.com'),
('199', 'ELHASSAN', 'FLORENTINO JAVIER', 'PRADA', 'TALEGON', 'email_199@example.com'),
('200', 'TERESA CONCEPCION', 'ALEXANDRA MADALINA', 'BRA√ëAS', 'ORBA√ëANOS', 'email_200@example.com'),
('201', 'JOANNA AGNIESZKA', 'SIAN', 'PERRAMON', 'CARACENA', 'email_201@example.com'),
('202', 'BIN', 'ERINA', 'PARDAVILA', 'DOZO', 'email_202@example.com'),
('203', 'MARIA JULITA', 'SHEELA', 'SANSO', 'SORELL', 'email_203@example.com'),
('204', 'DYLAN JOSUE', 'DENIS MIHAI', 'FINEZ', 'MARKINA', 'email_204@example.com'),
('205', 'GEORGII', 'GUSTAVO ADOLFO', 'ARAZO', 'MANSSOURI', 'email_205@example.com'),
('206', 'PEDRO CESAR', 'XOSE LOIS', 'AGUSTI', 'PUIGMAL', 'email_206@example.com'),
('207', 'RUBEN OSVALDO', 'ETTORE', 'CANDAL', 'AMEUR', 'email_207@example.com'),
('208', 'JASWINDER', 'ALAN GEORGE', 'CADIMA', 'VILAR', 'email_208@example.com'),
('209', 'MASSIMO', 'CARLOS EDGARDO', 'BURLACU', 'LIZANO', 'email_209@example.com'),
('210', 'SALAM', 'OSSAMA', 'GALARZA', 'CHUCHUCA', 'email_210@example.com'),
('211', 'MALKHAZ', 'JAVIER FEDERICO', 'POVEDANO', 'BACHES', 'email_211@example.com'),
('212', 'ANA VITORIA', 'MONIQUE MARIA', 'CARREGUI', 'NOE', 'email_212@example.com'),
('213', 'GAISKA', 'DANIEL CHRISTOPHER', 'PUEYO', 'SEBA', 'email_213@example.com'),
('214', 'DANIEL RUBEN', 'MIGUEL RODRIGO', 'LANAO', 'VIDES', 'email_214@example.com'),
('215', 'CESAREA', 'LUCIANE', 'CAMPON', 'ATANASIO', 'email_215@example.com'),
('216', 'ZHIPENG', 'JOEL EDUARDO', 'POGGIO', 'MARTIN ROMO', 'email_216@example.com'),
('217', 'XINLEI', 'XABIN', 'TOBARIAS', 'LASFAR', 'email_217@example.com'),
('218', 'BARBARA MARTA', 'RESURRECCION', 'OME√ëACA', 'GOMA', 'email_218@example.com'),
('219', 'RAFAELA', 'JASWINDER', 'LLEIXA', 'PUERTOS', 'email_219@example.com'),
('220', 'ROSA VICENTA', 'JULIA DANIELA', 'ASPIAZU', 'LORIGADOS', 'email_220@example.com'),
('221', 'MIRELA CRISTINA', 'JIMENA CARMEN', 'MITREA', 'SOALLEIRO', 'email_221@example.com'),
('222', 'HAIBIN', 'JESUS JAIME', 'RABADE', 'FONDO', 'email_222@example.com'),
('223', 'RONALDO', 'STEVEN JOSE', 'OGBEBOR', 'LAGOMAZZINI', 'email_223@example.com'),
('224', 'PEDRO ANDRES', 'JAIME ERNESTO', 'BOCIGAS', 'LAZARTE', 'email_224@example.com'),
('225', 'SIMON ROBERT', 'JARED', 'GUILLORME', 'SAUGAR', 'email_225@example.com'),
('226', 'WILHELM', 'RUBEN JORGE', 'DE LA PRIDA', 'BAENAS', 'email_226@example.com'),
('227', 'MARIO LUIS', 'EZEQUIEL JOSE', 'NOUR', 'CHILET', 'email_227@example.com'),
('228', 'AMABILIA', 'NORMA CONSTANZA', 'SELLAMI', 'CABRELLES', 'email_228@example.com'),
('229', 'GUIFRE', 'SOUMANA', 'FOMINAYA', 'GORBEA', 'email_229@example.com'),
('230', 'SANDRA REGINA', 'MIA ISABELLA', 'MARTINAS', 'TRIJUEQUE', 'email_230@example.com'),
('231', 'MIHAI DRAGOS', 'MARIAN ION', 'PARADEDA', 'RIESGO', 'email_231@example.com'),
('232', 'MODEST', 'JOSE LORENZO', 'DANTAS', 'GALLO', 'email_232@example.com'),
('233', 'MAHEEN', 'ISABEL AURORA', 'MARTINEZ DE AGUIRRE', 'TANVEER', 'email_233@example.com'),
('234', 'MARIA DEVORA', 'EIRA', 'TOURON', 'COLOM', 'email_234@example.com'),
('235', 'LIANA MARIA', 'DIANELYS', 'MU√ëIZ', 'CORCHUELO', 'email_235@example.com'),
('236', 'ELENA ALEXANDRA', 'MARIA MARTA', 'SABAS', 'VARZARU', 'email_236@example.com'),
('237', 'PENELOPE ANNE', 'BLANCA JULIA', 'SOTILLOS', 'BELHADJ', 'email_237@example.com'),
('238', 'ARNAU', 'MARIO JOEL', 'RAMIL', 'ROBAINA', 'email_238@example.com'),
('239', 'SERGIO ALEXIS', 'BUZZIAN', 'CAMINOS', 'HUMADA', 'email_239@example.com'),
('240', 'MARIA ANGUSTIAS', 'ROSA JANETH', 'KIRILOV', 'GUIVERNAU', 'email_240@example.com'),
('241', 'PEDRO EVARISTO', 'NIKA', 'CHARLO', 'SANTOS OLMO', 'email_241@example.com'),
('242', 'YUEHONG', 'AMALIA DOLORES', 'BASCARAN', 'SANTIVA√ëEZ', 'email_242@example.com'),
('243', 'MARIA ROSA CARMEN', 'DIANA RAQUEL', 'DEL ARCO', 'ROBAYNA', 'email_243@example.com'),
('244', 'YETTO', 'HELEODORA', 'CUNQUERO', 'BARAZAL', 'email_244@example.com'),
('245', 'ANDREA FABIOLA', 'MARIA NEUS', 'SOUMARE', 'OREGI', 'email_245@example.com'),
('246', 'LARISA IONELA', 'FLOR ANGELICA', 'EL KHAMLICHI', 'FLOAREA', 'email_246@example.com'),
('247', 'FRANCISCO SOLANO', 'ANDRES LEONARDO', 'PEDREGOSA', 'QIU', 'email_247@example.com'),
('248', 'JESUS RODRIGO', 'ASIS', 'MEIRE', 'MATELLANO', 'email_248@example.com'),
('249', 'NOUFAL', 'SHAOMIN', 'ARENALES', 'CABRALES', 'email_249@example.com'),
('250', 'MIHAI NICOLAE', 'ORLANDO LUIS', 'PERALO', 'TRIS', 'email_250@example.com'),
('251', 'TRINIDAD ROSA', 'ELIANNE', 'PI√ëEL', 'ARDIT', 'email_251@example.com'),
('252', 'AMPARO ROSA', 'EVA ELISA', 'GRANCEA', 'RADUCAN', 'email_252@example.com'),
('253', 'ALEXANDRA JACQUELINE', 'NELIDA ROSA', 'BORISLAVOVA', 'MARTES', 'email_253@example.com'),
('254', 'LILIANA CLAUDIA', 'VALERIA ELIZABETH', 'EL BALI', 'SOMOHANO', 'email_254@example.com'),
('255', 'ANA LIS', 'AIJU', 'CLARI', 'CARBO', 'email_255@example.com'),
('256', 'ALLISON NICOLE', 'JOSEFA EULALIA', 'BARTA', 'LOPEZ DE HARO', 'email_256@example.com'),
('257', 'SANDRA JESUS', 'ILEANA CARMEN', 'CERVILLA', 'OCHOA DE ASPURU', 'email_257@example.com'),
('258', 'ALBERTO ESTEBAN', 'ISIDORO MANUEL', 'BERNABE', 'MESBAHI', 'email_258@example.com'),
('259', 'JONATHAN GABRIEL', 'JIAQI', 'PONTONES', 'FILPO', 'email_259@example.com'),
('260', 'ABDELOUAHHAB', 'FAUSTO ENRIQUE', 'TUCKER', 'LOSTAL', 'email_260@example.com'),
('261', 'CLAUDIA KARINA', 'ANHARA', 'ANIA', 'MORANCHO', 'email_261@example.com'),
('262', 'MARTHA', 'NAIR', 'GASQUEZ', 'ZAYA', 'email_262@example.com'),
('263', 'ENRIQUE BERNARDO', 'ABED', 'TORREIRA', 'RIGO', 'email_263@example.com'),
('264', 'YANITZA', 'MARIE THERESE', 'STUPARU', 'AIZPURU', 'email_264@example.com'),
('265', 'RAUL PEDRO', 'JAVIER TOMAS', 'COSTANZO', 'HURTADO DE MENDOZA', 'email_265@example.com'),
('266', 'AWA', 'EMILIA JULIA', 'BIKU√ëA', 'VASILIU', 'email_266@example.com'),
('267', 'ERICK STEVEN', 'JONNATAN', 'JENKINS', 'COLUBI', 'email_267@example.com'),
('268', 'IAGO JOSE', 'SAMER', 'EGOZCUE', 'BADA', 'email_268@example.com'),
('269', 'JUDITH ANNE', 'XIXI', 'DA CUNHA', 'GAS', 'email_269@example.com'),
('270', 'KULJIT', 'LEOPOLDO MANUEL', 'LUZURIAGA', 'SOGUES', 'email_270@example.com'),
('271', 'LUZ MARLENY', 'FELICITAS', 'FOLGOSO', 'KUSHNIR', 'email_271@example.com'),
('272', 'FELIX JUAN', 'ALVARO EDUARDO', 'ABBAD', 'FONTAN', 'email_272@example.com'),
('273', 'ALEJANDRO GABRIEL', 'ALVARO LEONARDO', 'CABANO', 'ARDIACA', 'email_273@example.com'),
('274', 'SERAFI', 'JULIO AGUSTIN', 'MARROCO', 'RAMPEREZ', 'email_274@example.com'),
('275', 'KAREN CECILIA', 'MARIA FE', 'ELGARRESTA', 'LASTERRA', 'email_275@example.com'),
('276', 'A√ëES', 'GEORGIANA LARISA', 'VIME', 'FERNANDEZ DE LANDA', 'email_276@example.com'),
('277', 'BINGBING', 'MICHELLE MARIE', 'AFAKIR', 'FLOREA', 'email_277@example.com'),
('278', 'GEMA SOLEDAD', 'NAWAR', 'CARBALLIDO', 'SANMIQUEL', 'email_278@example.com'),
('279', 'JORGE PABLO', 'GEORGE COSMIN', 'BARREIRO', 'ESPES', 'email_279@example.com'),
('280', 'ABDELHAK', 'MUHAMADOU', 'SAMARRA', 'ALJAMA', 'email_280@example.com'),
('281', 'ANA MARIA', 'YSABEL MARIA', 'CABARROCAS', 'FALCONI', 'email_281@example.com'),
('282', 'ISABEL JESUS', 'RAQUEL JULIA', 'BROCAL', 'TORRENTO', 'email_282@example.com'),
('283', 'LUISA IRENE', 'OLGUTA', 'FAGES', 'PORTOME√ëE', 'email_283@example.com'),
('284', 'ALEJANDRO RICARDO', 'PATRICK THOMAS', 'JOLY', 'CULEBRA', 'email_284@example.com'),
('285', 'HILARIO JAVIER', 'RAID', 'ABOAL', 'MINGOTE', 'email_285@example.com'),
('286', 'EWA KATARZYNA', 'VERONICA ESTEFANIA', 'LLISO', 'DEL VIEJO', 'email_286@example.com'),
('287', 'JOSE BERNARDO', 'ALEXANDER JAVIER', 'POCI√ëO', 'GEVORGYAN', 'email_287@example.com'),
('288', 'CELSO JESUS', 'FLORIN ANDREI', 'TROCOLI', 'ASTIZ', 'email_288@example.com'),
('289', 'MARIA EVA', 'SONIA ALEXANDRA', 'PEREZ DE GRACIA', 'ZIMMERMANN', 'email_289@example.com'),
('290', 'RIGEL', 'OSCAR RAMON', 'VALTUE√ëA', 'RAHOUI', 'email_290@example.com'),
('291', 'MACIA', 'BRIAN LESLIE', 'PELLEGRINI', 'PATERSON', 'email_291@example.com'),
('292', 'SONIA CANDELARIA', 'ROSE', 'ONATE', 'ECEIZABARRENA', 'email_292@example.com'),
('293', 'RAQUEL ISABEL', 'IMANE', 'PUENTEDURA', 'VALLDEPERAS', 'email_293@example.com'),
('294', 'KERMAN', 'DAVID MARIAN', 'RUIZ DE ARCAUTE', 'FIGUEIRAS', 'email_294@example.com'),
('295', 'FIDEL FRANCISCO', 'SLIMAN', 'DUARTE', 'LLAMOSAS', 'email_295@example.com'),
('296', 'MANUEL VALENTIN', 'VOLODYMYR', 'TIANA', 'TABARA', 'email_296@example.com'),
('297', 'MILAGROS ELENA', 'SIJIA', 'FERRARI', 'GEMIO', 'email_297@example.com'),
('298', 'EVA MARIA', 'QAMAR', 'JORCANO', 'RIOZ', 'email_298@example.com'),
('299', 'EDWARD GEORGE', 'CONSTANTIN SILVIU', 'DE LA HERRAN', 'NSUE', 'email_299@example.com'),
('300', 'INES ELENA', 'MILOUDA', 'ANTOLINOS', 'SIO', 'email_300@example.com'),
('301', 'MARIA LUPE', 'SEVERINA', 'TERMES', 'HORNERO', 'email_301@example.com'),
('302', 'MARGARITA CLARA', 'MARIA SOLITA', 'BURCIU', 'BERNAOLA', 'email_302@example.com'),
('303', 'ELENA LAURA', 'MONICA LUZ', 'LACHIRI', 'CONRADI', 'email_303@example.com'),
('304', 'NICOLAS GUILLERMO', 'LIAM JAMES', 'ARTETA', 'PLO', 'email_304@example.com'),
('305', 'ALICIA NOEMI', 'MELISA MARIA', 'ANGEL', 'PEREGRIN', 'email_305@example.com'),
('306', 'MILDREY', 'ESTHER ROSARIO', 'OREJANA', 'CASANY', 'email_306@example.com'),
('307', 'CLAUDE', 'MUSAH', 'SALAGEAN', 'FLORENCIANO', 'email_307@example.com'),
('308', 'CRISTIAN IULIAN', 'HADJ', 'AMIAMA', 'SORIO', 'email_308@example.com'),
('309', 'MATEO ANDRES', 'CORNEL VASILE', 'SANCHEZ DE LA MORENA', 'DONIGA', 'email_309@example.com'),
('310', 'MARIA PUERTO', 'IONICA', 'EL HAMRAOUI', 'LOPERA', 'email_310@example.com'),
('311', 'CRISTOPHER', 'EDGAR FERNANDO', 'MATEOS', 'ALZUGUREN', 'email_311@example.com'),
('312', 'SEILA MARIA', 'AMPARO INES', 'RIBALLO', 'FALIP', 'email_312@example.com'),
('313', 'RUBEN GREGORIO', 'SIXTO JAVIER', 'EL MIRI', 'SAENZ DE MIERA', 'email_313@example.com'),
('314', 'TIANYU', 'ABDELKEBIR', 'PILO', 'PEDRUEZA', 'email_314@example.com'),
('315', 'ENCARNACION CARMEN', 'LILIANNE', 'BARRICARTE', 'VALDERA', 'email_315@example.com'),
('316', 'MARIE', 'MIRENTXU', 'YEBRA', 'VILANOVA', 'email_316@example.com'),
('317', 'IERAI', 'JEFFERSON ANTONIO', 'ORGANERO', 'BARRIS', 'email_317@example.com'),
('318', 'RAFAEL GABRIEL', 'DANIEL ARTURO', 'BORDON', 'MORETE', 'email_318@example.com'),
('319', 'CARMEN PAZ', 'DEBORAH', 'ARIZNABARRETA', 'TITO', 'email_319@example.com'),
('320', 'CRISTIAN FRANCISCO', 'MATENE', 'SANCHA', 'ECHAVARREN', 'email_320@example.com'),
('321', 'ALEXANDRU NICUSOR', 'ALEXIS JUAN', 'MEJDOUBI', 'AMARO', 'email_321@example.com'),
('322', 'MARIA MIRIAM', 'DORIS ALICIA', 'PRIDA', 'SARVISE', 'email_322@example.com'),
('323', 'ILIE CATALIN', 'ORLANDO MIGUEL', 'CARBONERO', 'MARQUE√ëO', 'email_323@example.com'),
('324', 'GUILLERMO JOSE', 'JAIME RENE', 'ALABARTA', 'MAIZA', 'email_324@example.com'),
('325', 'ANA SABINA', 'CARMEN DELFINA', 'UNAMUNO', 'LOJO', 'email_325@example.com'),
('326', 'KENNETH WILLIAM', 'JOAQUIN AGUSTIN', 'ABOLAFIA', 'BETANZOS', 'email_326@example.com'),
('327', 'MIHAELA RALUCA', 'AURA ELISA', 'PIORNO', 'BONITO', 'email_327@example.com'),
('328', 'JEKATERINA', 'JOSEFINA ROSARIO', 'CORAO', 'MANEIRO', 'email_328@example.com'),
('329', 'ANA HILDA', 'JOHANNA CORNELIA', 'TARANTINO', 'LLUMIQUINGA', 'email_329@example.com'),
('330', 'KAREN JOHANA', 'SHAHEEN', 'BORES', 'CHEMLAL', 'email_330@example.com'),
('331', 'VALENTINA ALEXANDRA', 'BETLEM', 'ASTONDOA', 'VALLMAJO', 'email_331@example.com'),
('332', 'JORGE NORBERTO', 'ALEXANDRU CIPRIAN', 'GARROS', 'CUELLA', 'email_332@example.com'),
('333', 'JUNIOR', 'SALAM', 'TUBIO', 'GARCIA DEL MORAL', 'email_333@example.com'),
('334', 'IGNACIO AGUSTIN', 'JORG', 'ARCIS', 'GALLIZO', 'email_334@example.com'),
('335', 'SAMPSON', 'RAN', 'BOUZIZOUA', 'ALBU', 'email_335@example.com'),
('336', 'NURIA', 'ADONAYA', 'ISTURIZ', 'TOTORICA', 'email_336@example.com'),
('337', 'NIDA', 'MARIA JOSEFA PILAR', 'VALLADAR', 'SOLABARRIETA', 'email_337@example.com'),
('338', 'PARAMJEET', 'AIURI', 'MANCERAS', 'PAYO', 'email_338@example.com'),
('339', 'NATALIA PAOLA', 'VIRGINIA INMACULADA', 'PERCAZ', 'GARCIA DEL MORAL', 'email_339@example.com'),
('340', 'TORIA', 'AIZHEN', 'CHAPARTEGUI', 'CARMEN', 'email_340@example.com'),
('341', 'ERNEST', 'MAXIMINO JOSE', 'GUA√ëA', 'RIOCEREZO', 'email_341@example.com'),
('342', 'FLORENTINA ALEXANDRA', 'FRANCESCA', 'HORCAJADA', 'BURTON', 'email_342@example.com'),
('343', 'LUKASZ', 'GUADALUPE', 'SUNTAXI', 'ARROLA', 'email_343@example.com'),
('344', 'ALMUDENA ROCIO', 'LORENA IOANA', 'CHAMERO', 'REBOREDO', 'email_344@example.com'),
('345', 'MONICA MIHAELA', 'PATRICIA ELVIRA', 'MIRALLAS', 'HADDAOUI', 'email_345@example.com'),
('346', 'WEIHUA', 'ALEJANDRO MARIANO', 'MONSERRAT', 'TORICES', 'email_346@example.com'),
('347', 'ALBA BELEN', 'CLAUDIA ESPERANZA', 'SOBRINO', 'MAAMAR', 'email_347@example.com'),
('348', 'NAILYA', 'BALDOMERA', 'CASANS', 'MARI√ëA', 'email_348@example.com'),
('349', 'MIHAI LUCIAN', 'DAVID JOSEP', 'VILLALGORDO', 'TERRAZAS', 'email_349@example.com'),
('350', 'RODOLFO MANUEL', 'BOUZEKRI', 'ARAGUNDE', 'BASO', 'email_350@example.com'),
('351', 'SAMUEL RAMON', 'AGUSTIN PEDRO', 'CLARI', 'LOSQUI√ëO', 'email_351@example.com'),
('352', 'HECTOR HORACIO', 'LADISLAU', 'PEIRIS', 'LABRA', 'email_352@example.com'),
('353', 'MARCO ANDRES', 'DANYLO', 'BASSAS', 'BAYER', 'email_353@example.com'),
('354', 'ARY', 'RAFAQAT', 'ULECIA', 'IVAYLOV', 'email_354@example.com'),
('355', 'DARIO DANIEL', 'CONSTANTIN LUCIAN', 'MATEUS', 'ORONOZ', 'email_355@example.com'),
('356', 'HACOMAR', 'DYLAN DAVID', 'MAITA', 'BERMEO', 'email_356@example.com'),
('357', 'ADRIAN RAMON', 'CLAUDIANO', 'MORAGO', 'BOILS', 'email_357@example.com'),
('358', 'MANUELA PAZ', 'ANDREA MILAGROS', 'MAYOZ', 'CONDON', 'email_358@example.com'),
('359', 'AHMED REDA', 'DOMINGO MARIO', 'MAHIQUES', 'BREGUA', 'email_359@example.com'),
('360', 'RAMI', 'BRYAN LEONARDO', 'RODENAS', 'DE LA ROCA', 'email_360@example.com'),
('361', 'ELIANNY', 'EMILY JANE', 'PILATAXI', 'DE LA LASTRA', 'email_361@example.com'),
('362', 'TABATHA', 'FATOUMATA', 'ARTANO', 'DE ANGEL', 'email_362@example.com'),
('363', 'MATEO', 'RENE EDUARDO', 'KONTE', 'ARGUI√ëANO', 'email_363@example.com'),
('364', 'OSCAR JOSUE', 'ZHONGPING', 'LETRADO', 'DE LA BLANCA', 'email_364@example.com'),
('365', 'SAMUEL ALEJANDRO', 'PEDRO FEDERICO', 'COMELLAS', 'MONESMA', 'email_365@example.com'),
('366', 'JORGEN', 'RICARDO HUGO', 'NEDELCHEV', 'BARCELONA', 'email_366@example.com'),
('367', 'ANDROS', 'NICOLAS ALEXANDRU', 'ANTONINO', 'MUT', 'email_367@example.com'),
('368', 'PILAR', 'TAIMOOR', 'LACRUZ', 'VETAS', 'email_368@example.com'),
('369', 'JOSEFA BIENVENIDA', 'ARLETE', 'MORCHON', 'ROURES', 'email_369@example.com'),
('370', 'CELINA', 'ARANZAZU', 'ASTOBIZA', 'FORNET', 'email_370@example.com'),
('371', 'GLORIA AZUCENA', 'EMELINDA', 'VI√ëOLY', 'REPETTO', 'email_371@example.com'),
('372', 'SHIRLEY ANDREA', 'ESTANISLADA', 'ESCOMS', 'AIXENDRI', 'email_372@example.com'),
('373', 'SONIA MARITZA', 'SANDRA MARCELA', 'PANCHI', 'BOSTAN', 'email_373@example.com'),
('374', 'ELENA LUCIA', 'PAOLA GABRIELA', 'MARKOV', 'DIAZ PINTADO', 'email_374@example.com'),
('375', 'JERONIMO JESUS', 'DANNY ALEJANDRO', 'ANTU√ëANO', 'AMADOR', 'email_375@example.com'),
('376', 'MARGARITA JOSE', 'UNA', 'LASA', 'COBIELLA', 'email_376@example.com'),
('377', 'MARIA JANE', 'XIUPING', 'CAMPANO', 'GARRACHON', 'email_377@example.com'),
('378', 'EHEDEY', 'JONATHAN SANTIAGO', 'COMINO', 'GARCIA RAMOS', 'email_378@example.com'),
('379', 'KISHWAR', 'ROSA MARY', 'TRULLAS', 'A√ëOVER', 'email_379@example.com'),
('380', 'ROSELINA', 'CARLA TATIANA', 'RIBOTE', 'BARRUTIA', 'email_380@example.com'),
('381', 'PETRU MARIUS', 'RAMON ALBERTO', 'GELPI', 'ABIETAR', 'email_381@example.com'),
('382', 'LLUIS GONZAGA', 'ALEJANDRO CRISTIAN', 'BARRABINO', 'CASTA√ëARES', 'email_382@example.com'),
('383', 'MIRENE', 'ROCIO SOCORRO', 'COTE', 'LADAGA', 'email_383@example.com'),
('384', 'KARL', 'GERMAN DARIO', 'HERMOSELL', 'FABRE', 'email_384@example.com'),
('385', 'MIRELA FLORINA', 'LUZ MAR', 'EL HAJJAJI', 'GONZALEZ DE DURANA', 'email_385@example.com'),
('386', 'VERENA', 'FATIMA VANESSA', 'REMISEIRO', 'CABRILLA', 'email_386@example.com'),
('387', 'ACHOUR', 'JUAN DIOS', 'ZAMACONA', 'OCHOTECO', 'email_387@example.com'),
('388', 'LUZIA', 'MARIA ADELAIDE', 'RUZO', 'RUBIAL', 'email_388@example.com'),
('389', 'JESUS MARCELO', 'LUIS BORJA', 'DOCABO', 'SOUISSI', 'email_389@example.com'),
('390', 'GABRIEL SEBASTIAN', 'ORESTES', 'LOIS', 'BOUHOU', 'email_390@example.com'),
('391', 'MARIANO JOSE', 'CHEIKH IBRAHIMA', 'TRESGUERRES', 'IMBERNON', 'email_391@example.com'),
('392', 'MONIQUE', 'CLARA VICTORIA', 'CANTENYS', 'CONTELL', 'email_392@example.com'),
('393', 'RAUL SANTIAGO', 'ENAI', 'BIRLANGA', 'IGELMO', 'email_393@example.com'),
('394', 'LEIDY ALEJANDRA', 'SELENE CARMEN', 'GARRIZ', 'PETROVICI', 'email_394@example.com'),
('395', 'VALDEMAR', 'DAVID REYES', 'TARIFE', 'AGUDO', 'email_395@example.com'),
('396', 'TIAGO JOSE', 'BADRI', 'CANEIRO', 'BORJA', 'email_396@example.com'),
('397', 'PLATON', 'JUAN VICENTE', 'ALSINA', 'BIVOLARU', 'email_397@example.com'),
('398', 'ODETA', 'CONXITA', 'ZALAMA', 'MBITIL', 'email_398@example.com'),
('399', 'CHAHIRA', 'AINARA CRISTINA', 'PRUNELL', 'ENEA', 'email_399@example.com'),
('400', 'LEIDY VIVIANA', 'MARTIRES', 'MENOR', 'FONTALVA', 'email_400@example.com'),
('401', 'NADIFA', 'DEVORA MARIA', 'SHARPE', 'SUAZO', 'email_401@example.com'),
('402', 'OUMAR', 'ROY JOHN', 'SORNOSA', 'BIAIN', 'email_402@example.com'),
('403', 'PAMELA JOAN', 'CLARA AURORA', 'DE LA ROZA', 'SANCHEZ REDONDO', 'email_403@example.com'),
('404', 'IVAN ELIAS', 'SANTIAGO MANUEL', 'FLEMING', 'SABOYA', 'email_404@example.com'),
('405', 'DANIEL EUGEN', 'HUGO ERNESTO', 'IRIONDO', 'NEMETH', 'email_405@example.com'),
('406', 'MARIA NIEVE', 'RITA ESTHER', 'TURCANU', 'FEIXAS', 'email_406@example.com'),
('407', 'JUAN RODOLFO', 'ANDREI BOGDAN', 'YAGOUBI', 'MAHUGO', 'email_407@example.com'),
('408', 'ANGEL EFREN', 'DAVID IAN', 'ZAMORO', 'VERES', 'email_408@example.com'),
('409', 'KATARINA', 'MARIA ZAIDA', 'MOGUER', 'RAPP', 'email_409@example.com'),
('410', 'FELIX DOMINGO', 'ROBERTO VICENTE', 'STANCU', 'VLAD', 'email_410@example.com'),
('411', 'LIBERIO', 'ANGEL RAMIRO', 'MAGANO', 'GRANADINO', 'email_411@example.com'),
('412', 'GANEKO', 'JIANYUN', 'CINTERO', 'GOST', 'email_412@example.com'),
('413', 'JOSE TORCUATO', 'AN', 'VILLADA', 'LANDETE', 'email_413@example.com'),
('414', 'SEBASTIAN TOMAS', 'LUIGI', 'HORN', 'ELEUTERIO', 'email_414@example.com'),
('415', 'MILAGROSA MARIA', 'FANIDA', 'MILLS', 'MANEN', 'email_415@example.com'),
('416', 'GIOVANNY', 'RONI', 'ROCCA', 'ERAUSKIN', 'email_416@example.com'),
('417', 'JOSE ALFREDO', 'EMANUELE', 'VILLODRES', 'ESQUIROL', 'email_417@example.com'),
('418', 'ELTON', 'ANTONIO RAUL', 'CLAVE', 'CAVIA', 'email_418@example.com'),
('419', 'FRANCISCA CONCEPCION', 'CLODOMIRA', 'CHIQUERO', 'VALEA', 'email_419@example.com'),
('420', 'PAULA CONCEPCION', 'MARIA CARMEN ROCIO', 'BERBEGAL', 'CIRUJEDA', 'email_420@example.com'),
('421', 'IKER MIGUEL', 'JOSE PASTOR', 'MIARNAU', 'CASERMEIRO', 'email_421@example.com'),
('422', 'FRITZ', 'EL HAJ', 'WALL', 'GALBANY', 'email_422@example.com'),
('423', 'LUCIA PAZ', 'FADILA', 'RIZO', 'HINAREJOS', 'email_423@example.com'),
('424', 'MILTON DAVID', 'FRANCISCO CAMILO', 'ROMERO DE AVILA', 'JARIOD', 'email_424@example.com'),
('425', 'INEZ', 'JESSICA ANN', 'BRINQUIS', 'BURGUILLO', 'email_425@example.com'),
('426', 'JONATHAN MARK', 'BENCE', 'DOMINGUES', 'ILIE', 'email_426@example.com'),
('427', 'DIANA ROCIO', 'ANA BIENVENIDA', 'VESGA', 'RESANO', 'email_427@example.com'),
('428', 'OUISSAM', 'SARAIMA', 'GORGUES', 'CA√ëEGO', 'email_428@example.com'),
('429', 'ANA RITA', 'ANDREEA ELENA', 'VALENS', 'SACO', 'email_429@example.com'),
('430', 'YVONNE MARIE', 'CLAUDIA LEONOR', 'NIN', 'CACHERO', 'email_430@example.com'),
('431', 'ISMAHANE', 'MARIA LOIDA', 'SCUTARU', 'VALLEROS', 'email_431@example.com'),
('432', 'VALENTIN PABLO', 'ALVARO JAVIER', 'BELASCOAIN', 'CHALE', 'email_432@example.com'),
('433', 'VIOLETA CRISTINA', 'GRISELDA MARIA', 'LOPEZ LINARES', 'FERRATER', 'email_433@example.com'),
('434', 'MICHAEL STANLEY', 'MAXIMO ANDRES', 'SISO', 'SANCHEZ DE PUERTA', 'email_434@example.com'),
('435', 'SHEILA ELIZABETH', 'ANARBELLA', 'LASCANO', 'BOROBIA', 'email_435@example.com'),
('436', 'RADOSLAV', 'ROBERTO GUSTAVO', 'PARES', 'ROUA', 'email_436@example.com'),
('437', 'RICARDO CARLOS', 'DINU', 'CHANGOLUISA', 'VEIRAS', 'email_437@example.com'),
('438', 'GABRIELA NOEMI', 'ARETA', 'DRIF', 'BEZA', 'email_438@example.com'),
('439', 'GEORGETA GABRIELA', 'AINHITZE', 'ADDOU', 'CANDEL', 'email_439@example.com'),
('440', 'AKEMI', 'PILAR ARANZAZU', 'EL FARH', 'SANTESMASES', 'email_440@example.com'),
('441', 'RAFAEL SALVADOR', 'MIGUEL NICOLAS', 'ARCE', 'ALBERTE', 'email_441@example.com'),
('442', 'TERESA INES', 'ARANTZAZU', 'RUDILLA', 'COMPTA', 'email_442@example.com'),
('443', 'GLORIA ANGELES', 'CHRISTINE MARIA', 'GARRIDO LESTACHE', 'XICOLA', 'email_443@example.com'),
('444', 'KELLY', 'XABIER', 'LAGOA', 'VEIGA', 'email_444@example.com'),
('445', 'CAMERON', 'MARIAN LIVIU', 'PEGUEROLES', 'MOSEGUI', 'email_445@example.com'),
('446', 'JESUALDA', 'LYDIA CARMEN', 'CARRIBA', 'NICHOLLS', 'email_446@example.com'),
('447', 'JOSUA', 'PATRICIO MANUEL', 'GOIKOETXEA', 'PANDELE', 'email_447@example.com'),
('448', 'JAVIER MARIA', 'JOSE BERNARDINO', 'FEAL', 'BAEZ', 'email_448@example.com'),
('449', 'RUSSELL JOHN', 'DANIEL JULIAN', 'CARDOSO', 'TENESACA', 'email_449@example.com'),
('450', 'MOHSSEN', 'ELIAS PEDRO', 'CLERIGUES', 'FUENTETAJA', 'email_450@example.com'),
('451', 'ZEBENSUI', 'SERGIU IOAN', 'VIDIELLA', 'MOLINERA', 'email_451@example.com'),
('452', 'DENNISE', 'DOLORES RITA', 'BRASO', 'KHOUYI', 'email_452@example.com'),
('453', 'PABLA', 'CRISTINE', 'PETISME', 'CUNNINGHAM', 'email_453@example.com'),
('454', 'WEIQIN', 'MIRUNA MARIA', 'TOS', 'AHIJADO', 'email_454@example.com'),
('455', 'WALTER RAUL', 'JESUS AMADOR', 'ARMINGOL', 'ZERHOUNI', 'email_455@example.com'),
('456', 'MARIA LUCAS', 'AMALIA GABRIELA', 'SARDINA', 'LOMBAO', 'email_456@example.com'),
('457', 'SIMON JAVIER', 'DARIUS MIHAI', 'BESPIN', 'GARAYOA', 'email_457@example.com'),
('458', 'ALEJANDRA BELEN', 'YOLANDA ELVIRA', 'URIBARRI', 'VIUDA', 'email_458@example.com'),
('459', 'ANDERSON', 'IULIAN VASILE', 'BUMBAR', 'DE DEUS', 'email_459@example.com'),
('460', 'LLUIS XAVIER', 'BRADLEY JAMES', 'PELADO', 'PERUGACHI', 'email_460@example.com'),
('461', 'FLORIN COSMIN', 'JOAN RICARD', 'JANEIRO', 'MASSIP', 'email_461@example.com'),
('462', 'ALBA IRIS', 'MATILDE MARGARITA', 'BEY', 'ROMAGOSA', 'email_462@example.com'),
('463', 'AMPARO REYES', 'DESIRE', 'ONCINS', 'ARCUSA', 'email_463@example.com'),
('464', 'LUIS ESTEBAN', 'SALVADOR ISIDRO', 'PADURE', 'FABERO', 'email_464@example.com'),
('465', 'PETRU BOGDAN', 'EVERTON', 'BELLOT', 'TASENDE', 'email_465@example.com'),
('466', 'YORDANIS', 'ROQUE JOSE', 'BELLOCH', 'MONTANCHEZ', 'email_466@example.com'),
('467', 'SAUL MANUEL', 'SIMRANJIT', 'SIURANA', 'SAG', 'email_467@example.com'),
('468', 'REBECA PILAR', 'OLAYA', 'STARK', 'CABIELLES', 'email_468@example.com'),
('469', 'JOHN EDUARD', 'GERMAN PABLO', 'REMESAL', 'LOMBRA√ëA', 'email_469@example.com'),
('470', 'PATRICIA LORENA', 'DANA', 'VALDUEZA', 'FOMBONA', 'email_470@example.com'),
('471', 'SULI', 'ROSELA', 'DE LIMA', 'SAURET', 'email_471@example.com'),
('472', 'DJILY', 'HERVE', 'BERTRAND', 'TRAIN', 'email_472@example.com'),
('473', 'MILICA', 'GALIA', 'MERCHANTE', 'RADEVA', 'email_473@example.com'),
('474', 'RAQUEL CRISTINA', 'JOSEFINA FRANCISCA', 'EL ATTAR', 'CALPENA', 'email_474@example.com'),
('475', 'CRISTINA IULIANA', 'VALENTINA MARIA', 'MELIZ', 'RIBON', 'email_475@example.com'),
('476', 'LUCIAN IONUT', 'HERNEY', 'UBEIRA', 'GARCIA CALVO', 'email_476@example.com'),
('477', 'JUANA ESTHER', 'LEILEI', 'ULICI', 'DE ROZAS', 'email_477@example.com'),
('478', 'CHARLES JOHN', 'JORDI', 'AMEIJIDE', 'MARSHALL', 'email_478@example.com'),
('479', 'SOUMAYA', 'MARIA VIRGILIA', 'PRINCE', 'BARRUECO', 'email_479@example.com'),
('480', 'NICOLETA LUMINITA', 'TAYSA', 'ADAN', 'SHAHID', 'email_480@example.com'),
('481', 'MAHDJOUBA', 'ATSUKO', 'CARAME', 'LALLANA', 'email_481@example.com'),
('482', 'LEIF', 'RUBEN ADRIAN', 'ARETXAGA', 'ARAYA', 'email_482@example.com'),
('483', 'SILVIA PALOMA', 'EUGENIA MERCEDES', 'CARRICHES', 'NANTON', 'email_483@example.com'),
('484', 'SIAKA', 'FERNANDO BLAS', 'MCLEAN', 'PICOS', 'email_484@example.com'),
('485', 'YONKA', 'BIANCA LOREDANA', 'ABBA', 'HODGES', 'email_485@example.com'),
('486', 'MARIA ZULIMA', 'TATIANA ALEXANDRA', 'APERADOR', 'ARGUIJO', 'email_486@example.com'),
('487', 'MARIA LEOPOLDINA', 'DIANA PAOLA', 'GOBERNA', 'DE LAS CASAS', 'email_487@example.com'),
('488', 'BIBIANO', 'JOSU XABIER', 'ESCUTE', 'CONTIOSO', 'email_488@example.com'),
('489', 'CARLOS ISMAEL', 'JESUS CRISTIAN', 'ELEZ', 'BOGADO', 'email_489@example.com'),
('490', 'DOMINGO PABLO', 'JUAN RICARDO', 'ORGILES', 'SAN ANTON', 'email_490@example.com'),
('491', 'OSCAR HERNANDO', 'NAMA', 'GALDRAN', 'CLEMENT', 'email_491@example.com'),
('492', 'FRANCISCA MERCEDES', 'STEFFANY', 'BA√ëOBRE', 'TEJERINA', 'email_492@example.com'),
('493', 'CHUAN', 'JESUS HILARIO', 'UGAL', 'VIERA', 'email_493@example.com'),
('494', 'RICARDO AUGUSTO', 'MANJOT', 'POWELL', 'GARROS', 'email_494@example.com'),
('495', 'JAYDY', 'MARINA AMPARO', 'GIRON', 'KARROUMI', 'email_495@example.com'),
('496', 'MALIK MUHAMMAD', 'JINHUA', 'CASTANY', 'GOPAR', 'email_496@example.com'),
('497', 'MARIA SIGRID', 'ISABEL PATRICIA', 'EL KASSIMI', 'ADILLON', 'email_497@example.com'),
('498', 'ISIDRO DANIEL', 'WALTER ERNESTO', 'ATO', 'CLAR', 'email_498@example.com'),
('499', 'AARON JOSE', 'THOMAS PAUL', 'FUENTETAJA', 'ARIJON', 'email_499@example.com'),
('500', 'MANUELA LUISA', 'MARIA PILAR CARMEN', 'MONLLOR', 'JONSSON', 'email_500@example.com'),
('501', 'SULEYMAN', 'MAIKOL', 'MIRAMONTES', 'FIGUEROLA', 'email_501@example.com'),
('502', 'GEORGE EDWARD', 'ABDESSAMAD', 'ABIA', 'ORDOZGOITI', 'email_502@example.com'),
('503', 'DANIEL ROBERTO', 'ABIBOU', 'BAZARRA', 'ALVIZ', 'email_503@example.com'),
('504', 'AFAF', 'YASSMINE', 'TAOUFIK', 'MAFTEI', 'email_504@example.com'),
('505', 'IKER ADRIAN', 'IVAN VICENTE', 'DUMAS', 'ADAN', 'email_505@example.com'),
('506', 'FAUSTO', 'WAJID', 'BAIG', 'CINCA', 'email_506@example.com'),
('507', 'VICENTE ALEJANDRO', 'CARLOS EVARISTO', 'BECKER', 'VILADOMAT', 'email_507@example.com'),
('508', 'GEOFFREY', 'NORBERTO DANIEL', 'VALMA√ëA', 'SENA', 'email_508@example.com'),
('509', 'SAIFUL', 'GEORGE IULIAN', 'ZAMFIRESCU', 'DOPAZO', 'email_509@example.com'),
('510', 'VICENTE ALEJANDRO', 'BUBAKARI', 'GIURCA', 'BELANCHE', 'email_510@example.com'),
('511', 'MARIANO RAFAEL', 'DAREK', 'DE ANGEL', 'ABON', 'email_511@example.com'),
('512', 'ROSA MARIA', 'RYM', 'GRIVE', 'CARI√ëENA', 'email_512@example.com'),
('513', 'ANGELA MARIANA', 'FATIMA ROSA', 'CASTILLEJA', 'ALSUA', 'email_513@example.com'),
('514', 'LEONARDO ARIEL', 'MIMUN', 'PAVEL', 'DE JODAR', 'email_514@example.com'),
('515', 'AMALIA ROSA', 'LORETA', 'BROCAL', 'LARREN', 'email_515@example.com'),
('516', 'YIJUN', 'BENNO', 'REVENGA', 'CIRRE', 'email_516@example.com'),
('517', 'LILIANA CARMEN', 'MARIA CESARINA', 'SILLES', 'FERRAL', 'email_517@example.com'),
('518', 'JEFFERSON ADRIAN', 'PEDRO HENRIQUE', 'ZARAGOZI', 'ESCURIOLA', 'email_518@example.com'),
('519', 'JOHN DEREK', 'YELCO', 'MEIJER', 'SIMONYAN', 'email_519@example.com'),
('520', 'CLAUDIO ANGEL', 'VICTOR ALEXANDER', 'SUSINO', 'MEGIAS', 'email_520@example.com'),
('521', 'ANGEL AGUSTIN', 'DIEGO SEBASTIAN', 'CASQUETE', 'TRANCA', 'email_521@example.com'),
('522', 'COULIBALY', 'MIGUEL CESAR', 'MARTINEZ LOSA', 'ZAHID', 'email_522@example.com'),
('523', 'I√ëIGO LOYOLA', 'JORGE MATIAS', 'VINDEL', 'BARDISA', 'email_523@example.com'),
('524', 'MERLIN', 'SILVIA ASUNCION', 'ANDUAGA', 'FREIXA', 'email_524@example.com'),
('525', 'MARIA ORETO', 'ZOE LOUISE', 'BELLOSTA', 'FADIL', 'email_525@example.com'),
('526', 'ROSA ELVA', 'STEFFANY', 'VILLAMISAR', 'COSIO', 'email_526@example.com'),
('527', 'SUKHJINDER', 'VIGGO', 'TARRAGUEL', 'TALAVERANO', 'email_527@example.com'),
('528', 'MICHAEL ENRIQUE', 'JUST', 'GRAO', 'MONSO', 'email_528@example.com'),
('529', 'ISABEL ARANZAZU', 'IONELA LARISA', 'NORTON', 'COUNDOUL', 'email_529@example.com'),
('530', 'XUYAN', 'TODORA', 'GRAGEDA', 'BRONCHAL', 'email_530@example.com'),
('531', 'CARLOS BENJAMIN', 'SERGIO LEON', 'PRIVADO', 'CLEMOT', 'email_531@example.com'),
('532', 'JOAN ANTON', 'HERON', 'RUBIRALTA', 'BEARDO', 'email_532@example.com'),
('533', 'MIHAELA RODICA', 'NAYUA', 'LANERO', 'RIVERA', 'email_533@example.com'),
('534', 'XANET', 'JOHN LEONARD', 'POLEO', 'ANCUTA', 'email_534@example.com'),
('535', 'MONICA ESPERANZA', 'ALICIA LUISA', 'GASPA', 'PINO', 'email_535@example.com'),
('536', 'KIRENIA', 'FELICIDAD MARIA', 'LARRUBIA', 'CHOI', 'email_536@example.com'),
('537', 'FRANCISCO JOAQUIN', 'PABLO EUSEBIO', 'CUYAS', 'BENDA√ëA', 'email_537@example.com'),
('538', 'SEBASTIAN IOAN', 'RODERIC', 'YEBRA', 'VIVET', 'email_538@example.com'),
('539', 'OSCAR ALFREDO', 'FERNANDO NICOLAS', 'GUMBAU', 'YEBENES', 'email_539@example.com'),
('540', 'JESSICA VICTORIA', 'ELENA JUANA', 'LAMOLDA', 'EKE', 'email_540@example.com'),
('541', 'NICOLAS JAVIER', 'JONATHAN EZEQUIEL', 'KRASTEV', 'LETURIA', 'email_541@example.com'),
('542', 'ANGELA AURORA', 'MARICELY', 'BROWNE', 'ARPI', 'email_542@example.com'),
('543', 'ALEXANDRA FLORINA', 'ENEA', 'BRE√ëA', 'AKDI', 'email_543@example.com'),
('544', 'MARIA ESTELLA', 'XIANG', 'VEGAS', 'ERAUSQUIN', 'email_544@example.com'),
('545', 'RODULFO', 'HECTOR RODOLFO', 'SEUMA', 'PALA', 'email_545@example.com'),
('546', 'MARIA ALBERTINA', 'OLGA MANUELA', 'LAFAJA', 'ENCINOSO', 'email_546@example.com'),
('547', 'CRISTIAN OSCAR', 'SERGIO ARMANDO', 'CIRPACI', 'FUENTE', 'email_547@example.com'),
('548', 'JOSE MARIA VICENTE', 'JAVIER CARMELO', 'BATANAS', 'TIELVE', 'email_548@example.com'),
('549', 'EL MOUKHTAR', 'ENRIQUE JESUS', 'STAMATE', 'SAMPERA', 'email_549@example.com'),
('550', 'MARIA LUISA', 'IONELA DENISA', 'FORNS', 'HUALLPA', 'email_550@example.com'),
('551', 'JOSE AQUILINO', 'ERIC NICOLAS', 'ARRONIZ', 'REYNALDO', 'email_551@example.com'),
('552', 'GEOVANNI', 'CARLOS ALEXANDER', 'FUILLERAT', 'CORROTO', 'email_552@example.com'),
('553', 'JULIO ESTEBAN', 'FERRAN JOSEP', 'CATEURA', 'ARCELUS', 'email_553@example.com'),
('554', 'ANTONIO PAULO', 'DARIO ANTONIO', 'NEMETH', 'AGUILARTE', 'email_554@example.com'),
('555', 'FRANCISCO LUCIO', 'JOSE MARIA LUIS', 'FIGUERO', 'CALDERON DE LA BARCA', 'email_555@example.com'),
('556', 'VIRGINIA PATRICIA', 'MARIA AZAHAR', 'MURADO', 'GONZALEZ NICOLAS', 'email_556@example.com'),
('557', 'CESAR ANGEL', 'MIGUEL AURELIO', 'BOUZADA', 'BURRUEZO', 'email_557@example.com'),
('558', 'ARMANDO RAFAEL', 'ADRIAN ANGEL', 'FUENTETAJA', 'RIONEGRO', 'email_558@example.com'),
('559', 'MARIA EVELIN', 'LUZ CAROLINA', 'RABAL', 'PARVEZ', 'email_559@example.com'),
('560', 'MAANAN', 'LUCIO ANTONIO', 'STOILOV', 'ALVIZ', 'email_560@example.com'),
('561', 'SURJIT', 'DIMITRIOS', 'MAGRANER', 'SABOYA', 'email_561@example.com'),
('562', 'IMAD EDDINE', 'MAURICIO FRANCISCO', 'URONES', 'ROMANIUC', 'email_562@example.com'),
('563', 'MIGUEL NICOLAS', 'JESUS NARCISO', 'MONZON', 'MINGUEZA', 'email_563@example.com'),
('564', 'JESSICA VANESSA', 'PENKA', 'EL MESSARI', 'MOLNER', 'email_564@example.com'),
('565', 'CRISTIAN PATRICIO', 'FRANKLIN DAVID', 'CUBINO', 'NOOR', 'email_565@example.com'),
('566', 'MARYLIN', 'KATHERINE NICOLE', 'FARNOS', 'RAYON', 'email_566@example.com'),
('567', 'VANNESA', 'ESTEBANIA', 'MACICIOR', 'HICKS', 'email_567@example.com'),
('568', 'LORENZO SALVADOR', 'OSCAR IVAN', 'ESCANCIANO', 'DENCHE', 'email_568@example.com'),
('569', 'ROSA FATIMA', 'CONSUELO PILAR', 'GUETTAF', 'NOVEL', 'email_569@example.com'),
('570', 'CELSO MIGUEL', 'FRANCISCO CRISTOBAL', 'MEHAND', 'RIEMBAU', 'email_570@example.com'),
('571', 'FATTOUMA', 'HUIFANG', 'MITKOV', 'ENCALADA', 'email_571@example.com'),
('572', 'MARIA CHAXIRAXI', 'NANCY STELLA', 'ANDONEGI', 'ASHRAF', 'email_572@example.com'),
('573', 'ALIN GHEORGHE', 'ALEXANDRU CRISTIAN', 'GENEROSO', 'DIONISIO', 'email_573@example.com'),
('574', 'GRACIAN', 'FRANCISCO EMILIO', 'DEL VILLAR', 'VELEDO', 'email_574@example.com'),
('575', 'INGRID MERCEDES', 'ISLA', 'OGANDO', 'MAMBLONA', 'email_575@example.com'),
('576', 'DANIEL NICOLAE', 'OSCAR JESUS', 'ROSARIO', 'MUNDO', 'email_576@example.com'),
('577', 'LUIS VENTURA', 'BAMBO', 'SOPE√ëA', 'RECHES', 'email_577@example.com'),
('578', 'ABDENNOUR', 'TIBOR', 'OLONA', 'MOTREL', 'email_578@example.com'),
('579', 'MAURO SEBASTIAN', 'SABINO ANTONIO', 'CASIS', 'ARCEDIANO', 'email_579@example.com'),
('580', 'LEON MANUEL', 'ABDULAZIZ', 'ZARDAIN', 'CAPO', 'email_580@example.com'),
('581', 'ABEL VICENTE', 'JOAO LUCAS', 'BARRETO', 'MARRADES', 'email_581@example.com'),
('582', 'MIREN BAKARNE', 'JUANA CONCEPCION', 'SANTILLAN', 'NACHE', 'email_582@example.com'),
('583', 'RAFAEL JERONIMO', 'ARSALAN', 'MADARIETA', 'OREJAS', 'email_583@example.com'),
('584', 'EUSIQUIO', 'JOAN STEVEN', 'LIZALDE', 'MANJON', 'email_584@example.com'),
('585', 'HANIEL', 'EDWIN GONZALO', 'FREIXA', 'SALVADOR', 'email_585@example.com'),
('586', 'ADRIANA VALERIA', 'SUSANA HAYDEE', 'ARANDES', 'LALAGUNA', 'email_586@example.com'),
('587', 'TANIA BEATRIZ', 'VICTORIA GABRIELA', 'ROSON', 'VALGA√ëON', 'email_587@example.com'),
('588', 'DOBROMIR', 'LIANGLIANG', 'PAUNA', 'EGUIA', 'email_588@example.com'),
('589', 'RODOLPHE', 'EUGENIO JOAQUIN', 'LLAVERIA', 'BURSUC', 'email_589@example.com'),
('590', 'ADAMA', 'AMPARO NIEVES', 'NACENTA', 'GUISERIS', 'email_590@example.com'),
('591', 'TAWFIQ', 'DIEGO FELIX', 'VERASTEGUI', 'ZAPATERO', 'email_591@example.com'),
('592', 'BARTOLOME MANUEL', 'ALESANDRO', 'REBANAL', 'ESCALADA', 'email_592@example.com'),
('593', 'JESUS AMBROSIO', 'PAULINO JOSE', 'LANAO', 'VIAS', 'email_593@example.com'),
('594', 'FREDA', 'YENEY', 'BOTEY', 'CANOVES', 'email_594@example.com'),
('595', 'CRISTINA ROSARIO', 'AINES', 'ACASUSO', 'EL ACHHAB', 'email_595@example.com'),
('596', 'JIANHUI', 'HAMARA', 'SHARPE', 'CERROS', 'email_596@example.com'),
('597', 'JOSEBA MIRENA', 'ANGEL PAULINO', 'DARBOE', 'ESPASANDIN', 'email_597@example.com'),
('598', 'RAMONA BIANCA', 'SUSANA SOFIA', 'PUIGMARTI', 'POLA', 'email_598@example.com'),
('599', 'RENI', 'ANA ALTAGRACIA', 'ROCCA', 'MANTECON', 'email_599@example.com'),
('600', 'GWENDOLYN', 'BLANCA LORENA', 'REMISEIRO', 'GRAMUNT', 'email_600@example.com'),
('601', 'VICTORIA PAZ', 'ZOILA ISABEL', 'NAVAJAS', 'MOHEDANO', 'email_601@example.com'),
('602', 'ESTHER ISABEL', 'ANA MARIA BEGO√ëA', 'AKHAZZAN', 'GINEL', 'email_602@example.com'),
('603', 'BODO', 'ABLAYE', 'BENEITEZ', 'MAGRO', 'email_603@example.com'),
('604', 'ESTEFANIA VICTORIA', 'CLAUDIA CARMEN', 'BRUNS', 'BURUIANA', 'email_604@example.com'),
('605', 'TERRY', 'GREGORIO SANTIAGO', 'GALVANY', 'YA√ëEZ', 'email_605@example.com'),
('606', 'MARGARITA CECILIA', 'ELENA OANA', 'COTOS', 'ANTAL', 'email_606@example.com'),
('607', 'HUMBERT', 'ANGELO JOSE', 'BERASALUCE', 'LEGARRETA', 'email_607@example.com'),
('608', 'CARLOS YERAY', 'MARIO RICARDO', 'CIOCAN', 'RUMBAO', 'email_608@example.com'),
('609', 'JUDI', 'IZIAR', 'JIMENEZ DE ABERASTURI', 'MIGUELEZ', 'email_609@example.com'),
('610', 'MARICA', 'SIRIN', 'VIDELA', 'ESPLUGA', 'email_610@example.com'),
('611', 'RACHYD', 'ADILSON', 'DUFFY', 'ESTADES', 'email_611@example.com'),
('612', 'SULIMAN', 'RAUL CONSTANTIN', 'LOVERA', 'BELLVIS', 'email_612@example.com'),
('613', 'FELIPE TOMAS', 'LAKBIR', 'MARTINEZ DE ALEGRIA', 'PINEDA', 'email_613@example.com'),
('614', 'EL HABIB', 'YICHENG', 'CAMARZANA', 'PASSOS', 'email_614@example.com'),
('615', 'REYES', 'FABIO JAVIER', 'FULLEDA', 'CEBOLLADA', 'email_615@example.com'),
('616', 'GEORGICA', 'MATTHIAS', 'GARCIA DE LA REINA', 'BOUZIZOUA', 'email_616@example.com'),
('617', 'ZOHIR', 'SANTOS MIGUEL', 'BATOOL', 'ARTIGA', 'email_617@example.com'),
('618', 'BRIAN PATRICK', 'ALBERTO FEDERICO', 'CANGAS', 'BROCE√ëO', 'email_618@example.com'),
('619', 'HADDOU', 'FEDOR', 'BUJOR', 'AHICART', 'email_619@example.com'),
('620', 'ISMARY', 'ALANNA', 'SALOM', 'AVERO', 'email_620@example.com'),
('621', 'JACKELIN', 'SOLEDAD ROSARIO', 'CORREOSO', 'PLAZAOLA', 'email_621@example.com'),
('622', 'ESTIBALIZ MARIA', 'ANGIE DAYANA', 'NAPAL', 'PUENTE', 'email_622@example.com'),
('623', 'ASHOK KUMAR', 'MANUEL ALBINO', 'MANTE', 'CATIVIELA', 'email_623@example.com'),
('624', 'BERNAT JOSEP', 'CLIVE ANTHONY', 'EIGUREN', 'CLAUDEL', 'email_624@example.com'),
('625', 'EDGAR ALONSO', 'DONGSHENG', 'SALLENT', 'ANDRE', 'email_625@example.com'),
('626', 'WILHELM', 'EUGENIO EDUARDO', 'PEDRAJA', 'QUEVEDO', 'email_626@example.com'),
('627', 'MARCELIANO', 'CHRISTIAN ANTONIO', 'BOUDRAA', 'FREIJANES', 'email_627@example.com'),
('628', 'YUNUS', 'LEE JAMES', 'INSAURRALDE', 'PAPIOL', 'email_628@example.com'),
('629', 'YA', 'SHAIRA', 'SANCHEZ MARIN', 'BOHM', 'email_629@example.com'),
('630', 'HILARI', 'CARLES FRANCESC', 'BALDELLOU', 'VILLALONGA', 'email_630@example.com'),
('631', 'ALINA MARIA', 'CARMEN NURIA', 'DIESTRO', 'YULIYANOV', 'email_631@example.com'),
('632', 'JOAQUIM FERNANDO', 'LHACHMI', 'GORIS', 'CUENDA', 'email_632@example.com'),
('633', 'DIANDRA MARIA', 'CHUNLI', 'CUICHAN', 'MU√ëOZ DE ARENILLAS', 'email_633@example.com'),
('634', 'MARIA ANNA', 'REYNA', 'GERIQUE', 'ZABALZA', 'email_634@example.com'),
('635', 'MARINA CONSUELO', 'SOADIA', 'PORCEL', 'PU√ëET', 'email_635@example.com'),
('636', 'JOHAN EDUARDO', 'ERIC ROBERT', 'ARAUCO', 'ALBELDA', 'email_636@example.com'),
('637', 'MARIO ALEXANDRU', 'FRANCESC JOSEP', 'POVEDA', 'QUINTO', 'email_637@example.com'),
('638', 'REDOUANE', 'JUAN AMABLE', 'TORTA', 'BENAICHA', 'email_638@example.com'),
('639', 'MOHAMED OMAR', 'ROBERTO ALFREDO', 'BATOOL', 'JATTA', 'email_639@example.com'),
('640', 'ALEJANDRA TERESA', 'IRENE MARGARET', 'PUIGDOLLERS', 'CALAS', 'email_640@example.com'),
('641', 'ALBERT ANTONI', 'WALFRIDO', 'REASCOS', 'BITRIAN', 'email_641@example.com'),
('642', 'CLARA ESPERANZA', 'CRESCENCIANA', 'BERDASCO', 'BOLUFER', 'email_642@example.com'),
('643', 'ALECSANDRU', 'ERIC ANDREI', 'GARRI', 'DORTA', 'email_643@example.com'),
('644', 'GLORIFICACION', 'AMABLE', 'MAIQUES', 'POSTELNICU', 'email_644@example.com'),
('645', 'INGE', 'AGUSTIN IVAN', 'A√ëEZ', 'REQUERO', 'email_645@example.com'),
('646', 'ZORAYDA', 'IRLANDA', 'SACRISTAN', 'SABIRON', 'email_646@example.com'),
('647', 'MARIA SCHEREZADE', 'PATRICIA', 'BANU', 'BOUAYAD', 'email_647@example.com'),
('648', 'MARCIAL JESUS', 'PEDRO CLAVER', 'MANGANO', 'MARRADES', 'email_648@example.com'),
('649', 'HIURMA', 'MARIA ARTEMIA', 'LUQUIN', 'HINCHADO', 'email_649@example.com'),
('650', 'ESTEBAN JULIAN', 'LUR', 'CAAVEIRO', 'CAMARENA', 'email_650@example.com'),
('651', 'LUIS JORGE', 'ROBERT ALEJANDRO', 'KRIM', 'TAGHI', 'email_651@example.com'),
('652', 'MARIA FE', 'MARIA ASCENSION', 'LETE', 'OSETE', 'email_652@example.com'),
('653', 'XIMENA CARMEN', 'MARGARITA EUGENIA', 'URALDE', 'CORNELLES', 'email_653@example.com'),
('654', 'BEATRIZ ANTONIA', 'HELMA', 'PANELLA', 'GOMEZ LOBO', 'email_654@example.com'),
('655', 'BOJANA', 'CONCEPCION MARGARITA', 'ANDREEV', 'GODINO', 'email_655@example.com'),
('656', 'HUGO JORGE', 'ALEM', 'VILLEGAS', 'BROWN', 'email_656@example.com'),
('657', 'ENCINA', 'MARIA JUSTINA', 'DOSANTOS', 'VILLON', 'email_657@example.com'),
('658', 'MARIA URBANA', 'ALBA NEREA', 'RABASSA', 'MORIES', 'email_658@example.com'),
('659', 'LIRIA ESTHER', 'RAFAELA ANTONIA', 'LEGUA', 'RADIO', 'email_659@example.com'),
('660', 'MANUELA OLGA', 'SEHRISH', 'MANSERGAS', 'LIMA', 'email_660@example.com'),
('661', 'JOHANNES CORNELIS', 'ABDEL KADER', 'RHOUNI', 'ABANDO', 'email_661@example.com'),
('662', 'ROBERTO NICOLAS', 'NATXO', 'LAZAR', 'SEARA', 'email_662@example.com'),
('663', 'REJANE', 'LIDIA RAMONA', 'MALLOU', 'LEJARDI', 'email_663@example.com'),
('664', 'LUIS JUAN', 'GYULA', 'ROSANO', 'FAU', 'email_664@example.com'),
('665', 'ROCIO FATIMA', 'ANA MARIA JOSE', 'DELICADO', 'CORRAL', 'email_665@example.com'),
('666', 'RODRIGO JESUS', 'MARIO ISRAEL', 'ARCENEGUI', 'BRACERAS', 'email_666@example.com'),
('667', 'ANNIE', 'DOUNYA', 'TORMO', 'SACCO', 'email_667@example.com'),
('668', 'HERMELA', 'YUMI', 'RASINES', 'SANCES', 'email_668@example.com'),
('669', 'RAFAEL CRUZ', 'IGNACIO JOSE', 'BATALLE', 'ILLESCAS', 'email_669@example.com'),
('670', 'DIMITAR ILIEV', 'ROBERTO CESAR', 'PORQUET', 'MOCHALES', 'email_670@example.com'),
('671', 'MADALIN FLORIN', 'VIOREL IOAN', 'MECO', 'SART', 'email_671@example.com'),
('672', 'BARRY EDWARD', 'JESUS HORACIO', 'CAMBARA', 'CADIZ', 'email_672@example.com'),
('673', 'ZOE', 'ANDREIA SOFIA', 'GONZALEZ CALERO', 'ABBAD', 'email_673@example.com'),
('674', 'JUAN ANDRES', 'SOL', 'CANGAS', 'DINIZ', 'email_674@example.com'),
('675', 'FLORENCIA SOLEDAD', 'TINCUTA', 'MELCHOR', 'ALLA', 'email_675@example.com'),
('676', 'BERNABEA', 'BARTOLA', 'CLEDERA', 'BENI', 'email_676@example.com'),
('677', 'ANGIE ELIZABETH', 'CAROLINA JESUS', 'TU√ëAS', 'EL MRINI', 'email_677@example.com'),
('678', 'SANDRA CARINA', 'AAYA', 'ALVENTOSA', 'CASEIRO', 'email_678@example.com'),
('679', 'JOAN FRANCESC', 'ERICO', 'ALCIVAR', 'BARROS', 'email_679@example.com'),
('680', 'KEVIN JOSE', 'JESUS PAULINO', 'CEULAR', 'MOLIST', 'email_680@example.com'),
('681', 'MAHNAZ', 'PATRICIA ROXANA', 'FINA', 'GABAS', 'email_681@example.com'),
('682', 'FELIPE ESTEBAN', 'MOHAMMED LARBI', 'GAFO', 'AISSA', 'email_682@example.com'),
('683', 'ADERITA', 'PAULA MARIANA', 'PESQUERO', 'GUASP', 'email_683@example.com'),
('684', 'ITIEL', 'CONSTANTINO JUAN', 'ETXEZARRETA', 'SIDDIQUE', 'email_684@example.com'),
('685', 'THOMAS DAVID', 'EMETERIO', 'MENDEZ', 'LAINO', 'email_685@example.com'),
('686', 'MIHAI CONSTANTIN', 'MOISES FRANCISCO', 'RELLOSO', 'ENJO', 'email_686@example.com'),
('687', 'MARIA SOTERRA√ëO', 'BEATRIZ MILAGROS', 'BIKANDI', 'REGATO', 'email_687@example.com'),
('688', 'HERMINIA MARIA', 'AURA ELENA', 'FERRA', 'SAGARZAZU', 'email_688@example.com'),
('689', 'SERGIO MOISES', 'BLAISE', 'RUIZ ALEJOS', 'BAULO', 'email_689@example.com'),
('690', 'PILAR CAROLINA', 'GINA PATRICIA', 'NARCISO', 'ORRIOS', 'email_690@example.com'),
('691', 'LEYI', 'JOSEFINA MARIA', 'FAULI', 'BRUNO', 'email_691@example.com'),
('692', 'RUI MANUEL', 'BRYAN ALEJANDRO', 'OTERMIN', 'COTOBAL', 'email_692@example.com'),
('693', 'ESTHER BEGO√ëA', 'INES ANTONIA', 'LUNA', 'SAHA', 'email_693@example.com'),
('694', 'YENNY PATRICIA', 'BONDAD', 'BETRIAN', 'RICCA', 'email_694@example.com'),
('695', 'VANESSA JESUS', 'MARIA GRACAS', 'DOMENE', 'PROVENCIO', 'email_695@example.com'),
('696', 'YAREY', 'CHRISTIAN ORLANDO', 'PRECEDO', 'BEIRO', 'email_696@example.com'),
('697', 'GRACIELA ELENA', 'HUAYING', 'IGUALADOR', 'SENOVILLA', 'email_697@example.com'),
('698', 'WILSON EDUARDO', 'KEVYN', 'BOGO', 'MENCHACA', 'email_698@example.com'),
('699', 'FANIDA', 'VERONICA MARIA', 'NIEVES', 'PIGNATELLI', 'email_699@example.com'),
('700', 'BENERANDA', 'MARFIL', 'ARRONES', 'EL MOUMNI', 'email_700@example.com'),
('701', 'MARIA LEONIDES', 'JOSEFA GABRIELA', 'RIOJA', 'GALVA√ë', 'email_701@example.com'),
('702', 'LUZ MYRIAM', 'SOLEDAD MARIA', 'PRAVIA', 'IRURZUN', 'email_702@example.com'),
('703', 'OSCAR SERGIO', 'PETER ALFRED', 'MALUENDA', 'ORTIZ DE ELGUEA', 'email_703@example.com'),
('704', 'ERIK JESUS', 'JAVIER MANUEL', 'SOUVIRON', 'MUNIR', 'email_704@example.com'),
('705', 'MARGARITA CANDELARIA', 'KIRSTI', 'COJOCARU', 'GARAIZAR', 'email_705@example.com'),
('706', 'JORDA', 'ANTONIO BERNARDO', 'PERISCAL', 'OIARZABAL', 'email_706@example.com'),
('707', 'POLONIA', 'SELINA', 'POZAS', 'VALIDO', 'email_707@example.com'),
('708', 'EDELVINA', 'FRANCY', 'AGUALONGO', 'AYERZA', 'email_708@example.com'),
('709', 'ALEXANDER MICHAEL', 'CARLOS HUMBERTO', 'GIRALDEZ', 'BASCUAS', 'email_709@example.com'),
('710', 'AMERICA MARIA', 'ANA MARTA', 'CHARI', 'BORDETAS', 'email_710@example.com'),
('711', 'BRITTA', 'JENNIFER MARGARET', 'DOMINGOS', 'CARAFI', 'email_711@example.com'),
('712', 'SERGIO ARMANDO', 'RODRIGO IGNACIO', 'ROTAR', 'SOL', 'email_712@example.com'),
('713', 'ROSA MONICA', 'AIZHU', 'SABATES', 'SOSTRES', 'email_713@example.com'),
('714', 'CARLOS AMADEO', 'ANDRES JUAN', 'RIAU', 'CAPLLONCH', 'email_714@example.com'),
('715', 'ELEODORO', 'VADIM', 'FORTANET', 'LAMOSO', 'email_715@example.com'),
('716', 'IVANKA DIMITROVA', 'SUSANA DOLORES', 'CAPELLADES', 'VALTUE√ëA', 'email_716@example.com'),
('717', 'ANOUAR', 'SHAOWEI', 'KOVALENKO', 'BOSCH', 'email_717@example.com'),
('718', 'ROSA ANGELES', 'ANA ESTEFANIA', 'ROJO', 'BOUTAHRI', 'email_718@example.com'),
('719', 'ZENA', 'MARIA REYNA', 'PALAZON', 'SALAGRE', 'email_719@example.com'),
('720', 'IVAN JOEL', 'SEVERINO', 'CORULLON', 'VASILIU', 'email_720@example.com'),
('721', 'NICOLO', 'DEAN', 'GALLEN', 'AZOR', 'email_721@example.com'),
('722', 'DAVID ALVARO', 'MARCELO RAUL', 'URDA', 'KHADIM', 'email_722@example.com'),
('723', 'JESUS AMABLE', 'RICARDO MANUEL', 'VALCARCE', 'COSTILLA', 'email_723@example.com'),
('724', 'ISAAC ALEJANDRO', 'ABDELMONIM', 'SAN AGUSTIN', 'ARAQUISTAIN', 'email_724@example.com'),
('725', 'VERONICA JACQUELINE', 'EDERNE', 'SELLAS', 'AMRANI', 'email_725@example.com'),
('726', 'PURIFICACION MARIA', 'GLORIA MARGARITA', 'TUPIZA', 'GARRAZA', 'email_726@example.com'),
('727', 'JOSEFA TOMASA', 'BEATRIZ ADRIANA', 'LLAGOSTERA', 'ARTIAGA', 'email_727@example.com'),
('728', 'MUHAMMADOU', 'MUSLIM', 'SOLA', 'COFRECES', 'email_728@example.com'),
('729', 'ANGELIKA MARIA', 'JESSIKA', 'DE VEGA', 'QUIXAL', 'email_729@example.com'),
('730', 'DMITRIJS', 'WOUTER', 'MORENTE', 'TARGA', 'email_730@example.com'),
('731', 'JIANQING', 'JOZSEF', 'CA√ëAL', 'DA SILVA', 'email_731@example.com'),
('732', 'MARYAME', 'DELICIA', 'GRIMALDO', 'VIDEGAIN', 'email_732@example.com'),
('733', 'ALBA PINO', 'CARMEN EMILIA', 'ZAITOUNI', 'CALDENTEY', 'email_733@example.com'),
('734', 'FREDY ALEXANDER', 'MEDARDO', 'CRESPIN', 'NIAKATE', 'email_734@example.com'),
('735', 'NUR', 'BOUMEDIEN', 'BA√ëOLAS', 'PARREU', 'email_735@example.com'),
('736', 'ABASSE', 'ROEL', 'ALSUA', 'FIGUERES', 'email_736@example.com'),
('737', 'CONRADO JAVIER', 'ENRIC JOAN', 'CRESPIN', 'CAPPA', 'email_737@example.com'),
('738', 'DAVID ALIN', 'HENOC', 'GALLARIN', 'TAKI', 'email_738@example.com'),
('739', 'ELIA', 'LEONARDO CARLOS', 'NOTARI', 'TALTAVULL', 'email_739@example.com'),
('740', 'KIRAN', 'MATUTINA', 'EZCURRA', 'BRIHUEGA', 'email_740@example.com'),
('741', 'SUSANA GEMA', 'CARMEN JUDITH', 'DE LEMA', 'FRIGOLA', 'email_741@example.com'),
('742', 'AYLEN', 'REDENCION', 'EL HADDADI', 'CANDAS', 'email_742@example.com'),
('743', 'SELENIA', 'ANA VITORIA', 'EL HAMMOUTI', 'JURJ', 'email_743@example.com'),
('744', 'ANUSKA', 'JANETE', 'VELADO', 'PETRALANDA', 'email_744@example.com'),
('745', 'PEDRO JOAQUIN', 'JUNYU', 'REGORDAN', 'DE NICOLAS', 'email_745@example.com'),
('746', 'LUZ GEMA', 'KAREN YULIANA', 'PRICOP', 'UCETA', 'email_746@example.com'),
('747', 'TAJAMAL', 'PEDRO HECTOR', 'TRUCHARTE', 'SA√ëA', 'email_747@example.com'),
('748', 'KATHERINE ISABEL', 'MARIA MACRINA', 'NICULAE', 'GONZALES', 'email_748@example.com'),
('749', 'TAMAS', 'JOSE AMARO', 'SABUGAL', 'CANALEJAS', 'email_749@example.com'),
('750', 'ABEL JAVIER', 'ALEJANDRO CRISTIAN', 'MOMPEL', 'TAMUREJO', 'email_750@example.com'),
('751', 'MONTSERRAT BEATRIZ', 'DELIA ROSA', 'GISMERA', 'BOBET', 'email_751@example.com'),
('752', 'GUILLERMO CESAR', 'NABOR', 'GARCIA ZARCO', 'EL KADI', 'email_752@example.com'),
('753', 'ROSA VIRGINIA', 'ROSEMARIE', 'MARTINS', 'MONTELLS', 'email_753@example.com'),
('754', 'MOHAMED RACHID', 'SOTIRIOS', 'BURCA', 'MACHACA', 'email_754@example.com'),
('755', 'ANGHARA', 'EVELYN ESTEFANIA', 'AMEZ', 'GOLMAR', 'email_755@example.com'),
('756', 'HERNAN ALEJANDRO', 'RAUL MIHAI', 'VI√ëEGLA', 'TELL', 'email_756@example.com'),
('757', 'MIHAELA MADALINA', 'MARIA PE√ëA', 'XANDRI', 'EL BAHI', 'email_757@example.com'),
('758', 'JACINT', 'LUKAS', 'CARMUEGA', 'GALEAS', 'email_758@example.com'),
('759', 'MARIA LUNA', 'SONIA CANDELARIA', 'ARECES', 'SAMBOU', 'email_759@example.com'),
('760', 'KARMEN', 'ANDREA GABRIELA', 'LAGUARDA', 'DORANTE', 'email_760@example.com'),
('761', 'GABRIELA NICOLETA', 'CATALINA MERCEDES', 'FANO', 'PROS', 'email_761@example.com'),
('762', 'NASTIA', 'CONCEPCION INMACULADA', 'DE LUZ', 'MIRAVALLES', 'email_762@example.com'),
('763', 'CELINE', 'VERONICA JESUS', 'MANGANA', 'MAYEN', 'email_763@example.com'),
('764', 'SAADIYA', 'SARA AZUCENA', 'MONTALT', 'ALUMBREROS', 'email_764@example.com'),
('765', 'UARDA', 'JOSEFA AMPARO', 'MOREO', 'HAOUARI', 'email_765@example.com'),
('766', 'JESUS ELEUTERIO', 'WILLIAM DAVID', 'CABRAL', 'BOUKHARI', 'email_766@example.com'),
('767', 'ANTONIA ASUNCION', 'ALEXIA CARMEN', 'CORUJEIRA', 'FAHIM', 'email_767@example.com'),
('768', 'WALTRAUT', 'TAVITA', 'ACEITON', 'JARAMA', 'email_768@example.com'),
('769', 'IGNASI MARIA', 'DORU FLORIN', 'MOLINO', 'ESTELLE', 'email_769@example.com'),
('770', 'CULITA', 'MARIAN GEORGE', 'URIOSTE', 'DIA', 'email_770@example.com'),
('771', 'SUPING', 'YUEYING', 'JURJ', 'LA CRUZ', 'email_771@example.com'),
('772', 'ALEXSANDRO', 'NICOLAS JAVIER', 'ROVIROSA', 'BACHILLER', 'email_772@example.com'),
('773', 'LEONOR PILAR', 'RITA CAROLINA', 'MIRAGALL', 'GUILLORME', 'email_773@example.com'),
('774', 'PAULA', 'GEORGIANA MARIA', 'BOADA', 'YEGROS', 'email_774@example.com'),
('775', 'EVGENI', 'HECTOR EMILIO', 'TAVERNER', 'CEPERO', 'email_775@example.com'),
('776', 'GERMAN ARIEL', 'GUOGUANG', 'CIBORRO', 'DE LEYVA', 'email_776@example.com'),
('777', 'ALFREDO PABLO', 'FLAVIUS ANDREI', 'ATENZA', 'ZAPATA', 'email_777@example.com'),
('778', 'BLANCA MARGARITA', 'SUSAN IRENE', 'ABBAS', 'AZUAGA', 'email_778@example.com'),
('779', 'ALBERTO HUGO', 'SERGIO EMILIO', 'INGUNZA', 'VERBO', 'email_779@example.com'),
('780', 'MOHSEN', 'BRUNO ALEXANDRE', 'GURTUBAY', 'MIRAZ', 'email_780@example.com'),
('781', 'DIVINA PASTORA', 'ZIHUI', 'MOGUER', 'ONEA', 'email_781@example.com'),
('782', 'OLIVE', 'JULIA VALENTINA', 'BURDUJA', 'HUEGUN', 'email_782@example.com'),
('783', 'SANTANA', 'MARCO ARTURO', 'CORADO', 'MONTALBAN', 'email_783@example.com'),
('784', 'EVITA', 'CLARA LUZ', 'ORLANDO', 'EL HAJJI', 'email_784@example.com'),
('785', 'SUSANA GABRIELA', 'ANGY', 'SABALLY', 'VIEJO', 'email_785@example.com'),
('786', 'GLADYS GRACIELA', 'MARINA JOSE', 'TABARA', 'BOT', 'email_786@example.com'),
('787', 'ARNALD', 'RAFAEL JUNIOR', 'TAVIRA', 'QUILES', 'email_787@example.com'),
('788', 'MARIA VIRGILIA', 'KARISHMA', 'COUTINHO', 'OBIANG', 'email_788@example.com'),
('789', 'SUKHBIR', 'NACER EDDINE', 'ROLAN', 'SANTAMARIA', 'email_789@example.com'),
('790', 'MIGUEL ENRIQUE', 'RAMON ADRIAN', 'EALO', 'SAMBRUNO', 'email_790@example.com'),
('791', 'GAUMET', 'ABDELMALEK', 'CAO', 'LANTARON', 'email_791@example.com'),
('792', 'VICTOR SAUL', 'JULIO SERGIO', 'HINJOS', 'JABRANE', 'email_792@example.com'),
('793', 'OSCAR ALFREDO', 'MUHAMMAD AHMED', 'SCHENK', 'SALLARES', 'email_793@example.com'),
('794', 'YONKA', 'NANCY VIVIANA', 'FUNES', 'OSMA', 'email_794@example.com'),
('795', 'DEAN', 'BELARMINO', 'SALLARES', 'MARI', 'email_795@example.com'),
('796', 'MARCOS GABRIEL', 'JUAN BELTRAN', 'NAJJARI', 'FOUCES', 'email_796@example.com'),
('797', 'JUAN REYES', 'SANDALIO', 'PEDROLA', 'LAUTARU', 'email_797@example.com'),
('798', 'YULY ANDREA', 'TOLENTINA', 'CASCOS', 'URIARTE', 'email_798@example.com'),
('799', 'URGELL', 'ANA NATALIA', 'CAERO', 'BRI√ëAS', 'email_799@example.com'),
('800', 'JUAN MOISES', 'SANTIAGO MOISES', 'BARRIGAS', 'DE GO√ëI', 'email_800@example.com'),
('801', 'ALISON DANIELA', 'ALBA CAROLINA', 'DOVALO', 'OLABARRI', 'email_801@example.com'),
('802', 'SIDIKI', 'ABDELOIHAB', 'LOUREIRO', 'DE LAS CASAS', 'email_802@example.com'),
('803', 'PILAR LOURDES', 'ZOILA MARINA', 'ESCORZA', 'GOMEZ', 'email_803@example.com'),
('804', 'YANNIS', 'FERNANDO GABRIEL', 'PINTA', 'HERMANO', 'email_804@example.com'),
('805', 'LUCAS GABRIEL', 'ALBERTO JOAQUIN', 'CARAFI', 'MAESO', 'email_805@example.com'),
('806', 'ZOILA ROSA', 'FLORENTA', 'DE INES', 'SATORRA', 'email_806@example.com'),
('807', 'GEORGICA', 'ALEJANDRO IGNACIO', 'FERNANDEZ DE LARREA', 'ATXUTEGI', 'email_807@example.com'),
('808', 'CRISTINA SARA', 'QIUPING', 'BA√ëULS', 'BRUGAROLAS', 'email_808@example.com'),
('809', 'JEFFERSON ANDRES', 'SAIKOU', 'FRANCIN', 'LACASA', 'email_809@example.com'),
('810', 'NELLIE', 'LUPICINIA', 'PALACINO', 'TARELA', 'email_810@example.com'),
('811', 'SOCORRO', 'ANTONIA CATALINA', 'LOREDO', 'BENEYTO', 'email_811@example.com'),
('812', 'OVIDIU CATALIN', 'KIRAN', 'SALORIO', 'GALLEGO SACRISTANA', 'email_812@example.com'),
('813', 'MINKO', 'DAVID EZEQUIEL', 'CABELLOS', 'LARRODE', 'email_813@example.com'),
('814', 'JESUS ERNESTO', 'PETR', 'ETXEZARRETA', 'CUBERTORER', 'email_814@example.com'),
('815', 'CESAR JOSE', 'ZIJIE', 'MILLAS', 'CHUMPITAZ', 'email_815@example.com'),
('816', 'LIDIA ANA', 'JOHANA ELIZABETH', 'CABAL', 'RINCONES', 'email_816@example.com'),
('817', 'ION MARIAN', 'HAIRONG', 'CASERO', 'RAD', 'email_817@example.com'),
('818', 'STEPHANIE ELIZABETH', 'RABIAA', 'ROBLEDANO', 'GOICOLEA', 'email_818@example.com'),
('819', 'LUCRETIA', 'ANDREA CATALINA', 'GARAMENDI', 'BEDOS', 'email_819@example.com'),
('820', 'ELIZA MARIA', 'RALUCA', 'ZAIM', 'QUI√ëOY', 'email_820@example.com'),
('821', 'IRENE SOFIA', 'LARISA ELENA', 'MORMENEO', 'DE LA RED', 'email_821@example.com'),
('822', 'DONKA', 'PILAR LOURDES', 'POBLET', 'MASRAMON', 'email_822@example.com'),
('823', 'SEROTINA', 'ANASTASSIA', 'ZUMALDE', 'MAGALLON', 'email_823@example.com'),
('824', 'BORJA RAFAEL', 'LAUTARO', 'MARTELES', 'MEGOLLA', 'email_824@example.com'),
('825', 'DAVID DIEGO', 'DETELIN', 'RIUS', 'OLIVA', 'email_825@example.com'),
('826', 'SATWINDER', 'ERIK', 'BERROJO', 'BALLBE', 'email_826@example.com'),
('827', 'NARJISS', 'FAWZIA', 'SOPA', 'CERRAJERO', 'email_827@example.com'),
('828', 'FELIPE MARTIN', 'RAMON VICTOR', 'DEMIAN', 'TOUHAMI', 'email_828@example.com'),
('829', 'MARIA ELIANA', 'MARILOU', 'ARANZUBIA', 'SAMHI', 'email_829@example.com'),
('830', 'IRENE BELEN', 'LUBICA', 'PESUDO', 'FIELD', 'email_830@example.com'),
('831', 'FERNANDO ELOY', 'BART', 'PARTIDO', 'MONTECELO', 'email_831@example.com'),
('832', 'PARAMJIT', 'LIDA', 'GAVIRIA', 'CAMPINS', 'email_832@example.com'),
('833', 'GENESIS ALEXANDRA', 'MARIA HIGINIA', 'DIOS', 'FATTY', 'email_833@example.com'),
('834', 'VALENTIN LUIS', 'XUN', 'AINETO', 'LLORA', 'email_834@example.com'),
('835', 'LILIA MARGARITA', 'TUTU', 'CHEMLAL', 'DUNCAN', 'email_835@example.com'),
('836', 'RAIMONDO', 'JOSE LEONARDO', 'ELSO', 'SUBIRA', 'email_836@example.com'),
('837', 'MARIA JUDITE', 'MARIA ROSA ISABEL', 'AURTENECHE', 'ROMILLO', 'email_837@example.com'),
('838', 'SERGIO LEONARDO', 'ABDALAH', 'BURDALLO', 'D\'AMICO', 'email_838@example.com'),
('839', 'CRISTINA VALERIA', 'GREGORIA', 'MORETA', 'ASES', 'email_839@example.com'),
('840', 'ENOC', 'ELVIS', 'LAPIEZA', 'PERIA√ëEZ', 'email_840@example.com'),
('841', 'THIERNO IBRAHIMA', 'ABDELAH', 'ARENES', 'VILLAREJO', 'email_841@example.com'),
('842', 'NIEVES', 'KATHRYN ANNE', 'MOLINAS', 'QUIROGA', 'email_842@example.com'),
('843', 'IVAN YORDANOV', 'LUIS JAVIER', 'DE CARLOS', 'GENZOR', 'email_843@example.com'),
('844', 'OLGA ESTHER', 'PATRICIA ANDREA', 'IGAL', 'ZUMBA', 'email_844@example.com'),
('845', 'RAQUEL EMILIA', 'JENNY PATRICIA', 'NAGY', 'VASCONCELOS', 'email_845@example.com'),
('846', 'PATRIZIA', 'SARA ELENA', 'ZARACHO', 'CALER', 'email_846@example.com'),
('847', 'DANIEL MICHAEL', 'KHALY', 'BALABAN', 'BRAHIMI', 'email_847@example.com'),
('848', 'JOSEPH LOUIS', 'BELKACEM', 'AKODAD', 'BAGHDASARYAN', 'email_848@example.com'),
('849', 'ARMAAN', 'ALBERTO ALEXIS', 'NICOLAE', 'ARGUETA', 'email_849@example.com'),
('850', 'PEDRO ELADIO', 'CARLOS FRANCISCO', 'BORCEA', 'BARBADILLO', 'email_850@example.com'),
('851', 'AGUSTIN ENRIQUE', 'ANTONIO RAIMUNDO', 'SOUMARE', 'VOINEA', 'email_851@example.com'),
('852', 'MIGUEL OSCAR', 'NICOLAE AUREL', 'HONTORIA', 'RIONDA', 'email_852@example.com'),
('853', 'MICHAEL CHRISTIAN', 'ALEXANDRU SEBASTIAN', 'MOHEDANO', 'NEGRIN', 'email_853@example.com'),
('854', 'AMAN', 'VIVIANA GABRIELA', 'PEDROSA', 'REINOSA', 'email_854@example.com'),
('855', 'LUISA RAQUEL', 'MARIA CRISTINA', 'PIEDRABUENA', 'GOIA', 'email_855@example.com'),
('856', 'AINHOA ALEXANDRA', 'YOSHIKO', 'MOISA', 'KADA', 'email_856@example.com'),
('857', 'ALEXANDER THOMAS', 'URIEL', 'BENAVENTE', 'CARDELL', 'email_857@example.com'),
('858', 'JOHN GRAHAM', 'XAVI', 'ENGRA', 'GASPARYAN', 'email_858@example.com'),
('859', 'LEOPOLDO JESUS', 'JORGE RAMON', 'CIORRAGA', 'BALTAR', 'email_859@example.com'),
('860', 'CARMEN ANGUSTIAS', 'BLANCA VICTORIA', 'TORRADES', 'MADARNAS', 'email_860@example.com'),
('861', 'CRISTOBALINA', 'RAYA', 'QU', 'EL ATMANI', 'email_861@example.com'),
('862', 'JOSE ISRAEL', 'ROBERTO RAFAEL', 'ALDARIAS', 'GAINZARAIN', 'email_862@example.com'),
('863', 'ZALOA', 'ALICIA CARMEN', 'URU√ëUELA', 'SAMHI', 'email_863@example.com'),
('864', 'DAFNE MARIA', 'JOSEFA MARINA', 'DOLORES', 'TOSSO', 'email_864@example.com'),
('865', 'SOBIHA', 'AMELIA CONCEPCION', 'MASSO', 'URSU', 'email_865@example.com'),
('866', 'GURJIT', 'SENEN', 'QUEREJAZU', 'POU', 'email_866@example.com'),
('867', 'TESSA', 'KAREN NICOLE', 'BARRUETA', 'LAKA', 'email_867@example.com'),
('868', 'MARIA BENILDE', 'GABRIELA LAURA', 'BOLA', 'CRISTIANO', 'email_868@example.com'),
('869', 'LORENA IOANA', 'GHEORGHINA', 'DROZD', 'MANEN', 'email_869@example.com'),
('870', 'JESUS EUGENIO', 'LUCIANO MIGUEL', 'MARIVELA', 'BACALLADO', 'email_870@example.com'),
('871', 'JUAN CIPRIANO', 'CHAABANE', 'MELLEN', 'AVELLAN', 'email_871@example.com'),
('872', 'AMAROUCH', 'SULEIMAN', 'CORNAGO', 'JIMENEZ ORTIZ', 'email_872@example.com'),
('873', 'LAURA NICOLE', 'VICTORIA FERNANDA', 'TSVETANOVA', 'AMORIN', 'email_873@example.com'),
('874', 'JAYDEN', 'SERGIO ALEXIS', 'REYNALDO', 'CAROLLO', 'email_874@example.com'),
('875', 'WILSON ERNESTO', 'BRAYAN JAVIER', 'ANDALOUSSI', 'ANDRAS', 'email_875@example.com'),
('876', 'MARIO PEDRO', 'ABRAAN', 'LEBON', 'CILLERO', 'email_876@example.com'),
('877', 'RONALDO', 'ADAN', 'CAMACHO', 'TALARN', 'email_877@example.com'),
('878', 'DANILO ANTONIO', 'FRANCISCO LEONCIO', 'ESTRANY', 'CASTELEIRO', 'email_878@example.com'),
('879', 'DAVID XAVIER', 'DANIEL GUSTAVO', 'SABRI', 'KHARBOUCH', 'email_879@example.com'),
('880', 'GORKA', 'MANUEL BELARMINO', 'RIPODAS', 'ROBINSON', 'email_880@example.com'),
('881', 'ELVIRA INMACULADA', 'DOAE', 'KANWAL', 'VAQUERIZO', 'email_881@example.com'),
('882', 'CESAR AUGUSTO', 'IVAN SEBASTIAN', 'DOBRA', 'OULD', 'email_882@example.com'),
('883', 'SANDRA CECILIA', 'MILEDY', 'GUINOVART', 'GARCIA CONDE', 'email_883@example.com'),
('884', 'YUTONG', 'MARIA RAIMUNDA', 'SABUCEDO', 'SOUTELO', 'email_884@example.com'),
('885', 'EDUARD CONSTANTIN', 'FRANCISCO CRUZ', 'LLAMES', 'MAZARIAS', 'email_885@example.com'),
('886', 'RICARDO ISMAEL', 'HILARINO', 'BERLINCHES', 'CAMPILLO', 'email_886@example.com'),
('887', 'ITIEL', 'EDUARDO ISMAEL', 'CABREJAS', 'ALGARIN', 'email_887@example.com'),
('888', 'MANUEL HERNAN', 'JAMES ANTHONY', 'PALAZUELOS', 'BOGDANOVA', 'email_888@example.com'),
('889', 'BAMBO', 'PAUL COSMIN', 'GUIXERAS', 'PANOZO', 'email_889@example.com'),
('890', 'ANDRES VICENTE', 'MIKEL GARIKOITZ', 'LALANA', 'FATEH', 'email_890@example.com'),
('891', 'FERNANDO MAURICIO', 'GREGORIO DANIEL', 'ESNAOLA', 'QOTBI', 'email_891@example.com'),
('892', 'JUAN RICARDO', 'ANTONIO', 'RIQUE', 'PURAS', 'email_892@example.com'),
('893', 'FEDERICO GASTON', 'HOUSAM', 'IGAL', 'SALOM', 'email_893@example.com'),
('894', 'MARICA', 'JESSICA PATRICIA', 'GENS', 'GIGORRO', 'email_894@example.com'),
('895', 'PALOMA CARMEN', 'ANA FILOMENA', 'GELABERT', 'TORREGROSA', 'email_895@example.com'),
('896', 'MAMADOU KORKA', 'MARTYN', 'QUEIJO', 'APESTEGUIA', 'email_896@example.com'),
('897', 'AGUSTIN MIGUEL', 'LAURINDO', 'EL BOUZIDI', 'RAFA', 'email_897@example.com'),
('898', 'DI', 'BILMA', 'ARGENTE', 'TALEB', 'email_898@example.com'),
('899', 'CATALINA ESPERANZA', 'ROSA MARIELA', 'REINADO', 'BARREROS', 'email_899@example.com'),
('900', 'JINGYING', 'KATINA', 'ACU√ëAS', 'MASSANAS', 'email_900@example.com'),
('901', 'DIEGO ARMANDO', 'MARCOS GREGORIO', 'MONTIA', 'ALMARCHA', 'email_901@example.com'),
('902', 'ARIA', 'ANGEL PEDRO', 'COSTAL', 'GARCIA CUEVAS', 'email_902@example.com'),
('903', 'ANGEL SERAFIN', 'EL GHAZOUANI', 'MANAU', 'TEBAS', 'email_903@example.com'),
('904', 'GIOVANNI FRANCISCO', 'MARCELO HERNAN', 'EL OUADI', 'ANJUM', 'email_904@example.com'),
('905', 'PEDRO JUSTO', 'FRANK ALEXANDER', 'ALBORES', 'ARDIL', 'email_905@example.com'),
('906', 'CAETANO', 'ENZO NICOLAS', 'CAREAGA', 'SERRADO', 'email_906@example.com'),
('907', 'IULIANA SIMONA', 'MARIA TURRUCHEL', 'XIA', 'ABASCAL', 'email_907@example.com'),
('908', 'MARIA NOHEMI', 'PAULA CECILIA', 'BUERA', 'GONZALEZ ORTEGA', 'email_908@example.com'),
('909', 'BARTOLOME JUAN', 'GEORGE EDUARD', 'BLANQUE', 'LITAGO', 'email_909@example.com'),
('910', 'MARIATOU', 'JULIA ELIZABETH', 'VALADO', 'BEA', 'email_910@example.com'),
('911', 'ZHOU', 'HENRY ALBERTO', 'DE MATOS', 'ARDUENGO', 'email_911@example.com'),
('912', 'MARTHA VICTORIA', 'ISABEL ELENA', 'BAZACO', 'ALVAREDO', 'email_912@example.com'),
('913', 'KOLDO', 'KENAI', 'ROBLEDILLO', 'ALIAS', 'email_913@example.com'),
('914', 'JUAN NOEL', 'ROMUL', 'BOUAZIZ', 'AGUADO', 'email_914@example.com'),
('915', 'ALBA PINO', 'MARTA CONSUELO', 'ORRIOS', 'ERQUIAGA', 'email_915@example.com'),
('916', 'SANTAS', 'JESSICA VALERIA', 'BOYANOVA', 'COMIN', 'email_916@example.com'),
('917', 'ALIRIO', 'ENRIQUE FERMIN', 'ARMENTERO', 'NORTES', 'email_917@example.com'),
('918', 'CATRINA', 'JANET SUSAN', 'VI√ëADO', 'MENDIA', 'email_918@example.com'),
('919', 'CRISTOBAL MIGUEL', 'SEBASTIAN ALEXANDER', 'LAZ', 'TELLERIA', 'email_919@example.com'),
('920', 'DAVID MARCELO', 'ISAAC JESUS', 'FLORIAN', 'CATRINA', 'email_920@example.com'),
('921', 'NINEL', 'MEIFANG', 'ZAHIRI', 'MAYEN', 'email_921@example.com'),
('922', 'PAUL ENRIQUE', 'RENJIE', 'ZOROA', 'IVASCU', 'email_922@example.com'),
('923', 'SORINA MIHAELA', 'SANDRA VIRGINIA', 'TEL', 'BERGANZA', 'email_923@example.com'),
('924', 'FLORINA MARIA', 'BEATRIZ JESUS', 'FELGUERAS', 'FIGAREDO', 'email_924@example.com'),
('925', 'CARLOS ADAN', 'GONZALO NICOLAS', 'OTAVALO', 'BORILLO', 'email_925@example.com'),
('926', 'SOUMANA', 'WILLIAM ERNEST', 'BARBADILLO', 'ORDO√ëO', 'email_926@example.com'),
('927', 'IDIR', 'ANDRES JESUS', 'MAHMUD', 'CAMA', 'email_927@example.com'),
('928', 'VICTOR PATRICIO', 'ALBERTO ANGEL', 'BENGURIA', 'URCEIRA', 'email_928@example.com'),
('929', 'AMPARO LUCIA', 'PRIMA', 'DORCA', 'SANVICENS', 'email_929@example.com'),
('930', 'CRISTIAN VICENTE', 'EDUARD DANIEL', 'NIKOLOVA', 'DEL PUEBLO', 'email_930@example.com'),
('931', 'NURIA CECILIA', 'CHENCHEN', 'ARDEO', 'OLAIZ', 'email_931@example.com'),
('932', 'ANTONIO ELADIO', 'LAURENTIU CRISTIAN', 'TAJUELO', 'SEVIL', 'email_932@example.com'),
('933', 'ISABEL BELEN', 'EVA CLARA', 'CHAMERO', 'GAHETE', 'email_933@example.com'),
('934', 'NAHIMA', 'MARIA JEANETTE', 'EL AOUFI', 'OLIVERT', 'email_934@example.com'),
('935', 'MARIE CATHERINE', 'LICERIA', 'PERTEJO', 'REVERIEGO', 'email_935@example.com'),
('936', 'MANUEL HERMINIO', 'JOHN PAUL', 'GUITART', 'RUIZ HENESTROSA', 'email_936@example.com'),
('937', 'MAMA', 'JOAN ORIOL', 'ESCORZA', 'BRUGUERA', 'email_937@example.com'),
('938', 'ANTONI MANEL', 'TOMAS DOMINGO', 'CARBAJAL', 'ORBEA', 'email_938@example.com'),
('939', 'LIDIA VICTORIA', 'AMARFIL', 'EL AZZOUZI', 'MURGU', 'email_939@example.com'),
('940', 'YASIR', 'ANWAR', 'PELEGRI', 'FIGUEREO', 'email_940@example.com'),
('941', 'ALICIA MARGARITA', 'MARIA FRANCESCA', 'NI√ëOLES', 'GUIJORRO', 'email_941@example.com'),
('942', 'HRISTIYANA', 'MARTA AMPARO', 'MOCHALES', 'MOLA', 'email_942@example.com'),
('943', 'ORNELLA', 'SARAH ELIZABETH', 'CHRISTIANSEN', 'URIZ', 'email_943@example.com'),
('944', 'JOSSELYN', 'ARANZAZU', 'GIL ORTEGA', 'ENCINAS', 'email_944@example.com'),
('945', 'BLANCA RUTH', 'ADINA', 'BELATEGUI', 'PELARDA', 'email_945@example.com'),
('946', 'TRACEY ANNE', 'YESENIA PATRICIA', 'HAG', 'IBOR', 'email_946@example.com'),
('947', 'ZAHIR', 'JAVIER ELOY', 'QUIROGA', 'ANIDO', 'email_947@example.com'),
('948', 'MERCEDES PILAR', 'ALDA MARIA', 'JORAJURIA', 'HERMO', 'email_948@example.com'),
('949', 'MARITZA ELIZABETH', 'CATALINA ANDREA', 'CAPLLONCH', 'ORON', 'email_949@example.com'),
('950', 'FELICIANO MANUEL', 'FRANCISCO FABIAN', 'BETANCORT', 'USAR', 'email_950@example.com'),
('951', 'FRANCISCO VICTOR', 'JULIO LORENZO', 'ESTRAVIZ', 'MAURA', 'email_951@example.com'),
('952', 'AGUSTIN ALEJANDRO', 'FIDEL ANTONIO', 'MASSAOUDI', 'PANTIGA', 'email_952@example.com'),
('953', 'MANUEL BASILIO', 'TIMOTHY', 'FLOX', 'REDONDO', 'email_953@example.com'),
('954', 'ALFONSO ALEJANDRO', 'ALEXANDRU MARIAN', 'CEA', 'WATSON', 'email_954@example.com'),
('955', 'CRISTIAN CLAUDIU', 'DALIBOR', 'SEBASTIAN', 'CAPITAS', 'email_955@example.com'),
('956', 'DAVID GREGORIO', 'BENITO JUAN', 'SAN LEANDRO', 'AJO', 'email_956@example.com'),
('957', 'BRU', 'NOR', 'NATIVIDAD', 'CHATO', 'email_957@example.com'),
('958', 'GORAN', 'DANIEL ALFONSO', 'SABANES', 'LEGUINA', 'email_958@example.com'),
('959', 'LEDICIA', 'ELENA MARGARITA', 'TOLRA', 'DOBA√ëO', 'email_959@example.com'),
('960', 'ADRIANA ANDREA', 'JULIANA TERESA', 'AYOUB', 'AQUILUE', 'email_960@example.com'),
('961', 'XIYAN', 'CALIXTA', 'ALSINA', 'CARBALLEDO', 'email_961@example.com'),
('962', 'DIANA ELISA', 'ALTAGRACIA MERCEDES', 'ESTREMERA', 'BOILS', 'email_962@example.com'),
('963', 'FERRAN', 'JUN XI', 'GALVEZ', 'PEON', 'email_963@example.com'),
('964', 'AMPARO SOCORRO', 'MARIA MER√áE', 'PONTES', 'MEDIN', 'email_964@example.com'),
('965', 'OVIDIU IOAN', 'BRIGHT', 'CARROCERA', 'CASALLO', 'email_965@example.com'),
('966', 'FRANCISCA LUZ', 'CARMEN MAR', 'SIMPSON', 'BOICIUC', 'email_966@example.com'),
('967', 'DORA CECILIA', 'ANTONIA CRUZ', 'SID AHMED', 'FRESCO', 'email_967@example.com'),
('968', 'DAFINA', 'CLAUDIA ANGELA', 'ESQUIVA', 'BARAMBONES', 'email_968@example.com'),
('969', 'ELIAS ANTONIO', 'DIEGO ALBERTO', 'BALLAZ', 'DE TORRE', 'email_969@example.com'),
('970', 'GEORGE NICOLAE', 'JUAN CRISOSTOMO', 'REBOLLAL', 'MANOUACH', 'email_970@example.com'),
('971', 'ABDOLLAH', 'ERIC FRANCISCO', 'SANGRA', 'JOHANSSON', 'email_971@example.com'),
('972', 'KOBA', 'ENRIQUE EUGENIO', 'LABIB', 'PERDICES', 'email_972@example.com'),
('973', 'ELISA BEATRIZ', 'ESTRELA', 'BOLTA', 'SANCHEZ PARDO', 'email_973@example.com'),
('974', 'POMPILIU', 'XIAOLEI', 'EL FARISSI', 'BURKE', 'email_974@example.com'),
('975', 'ALIEU', 'LUIS GABINO', 'PACIFICO', 'ACHAHBAR', 'email_975@example.com'),
('976', 'INKO', 'ALEJANDRO RENE', 'BUSQUE', 'DE BURGOS', 'email_976@example.com'),
('977', 'JULIAN RAFAEL', 'JEISON', 'HALHOUL', 'FARTAN', 'email_977@example.com'),
('978', 'KASSANDRA', 'INAYA', 'NOBLEJAS', 'OLAZABAL', 'email_978@example.com'),
('979', 'JUANA CAROLINA', 'SOFIA ELENA', 'VERDU', 'ELDUAYEN', 'email_979@example.com'),
('980', 'TIBERIO', 'HADEMOU', 'NI√ëOLES', 'MONTA√ëEZ', 'email_980@example.com'),
('981', 'DAVID ALBERT', 'MAJOR', 'SANCHEZ GABRIEL', 'TARRAZO', 'email_981@example.com'),
('982', 'LOKMAN', 'ADRIANO MANUEL', 'PE√ëALOZA', 'CALVA', 'email_982@example.com'),
('983', 'XIN', 'EUTIMIO', 'CASTELL', 'MIRAMON', 'email_983@example.com'),
('984', 'ISAAC GABRIEL', 'MARCOS FERNANDO', 'PUPO', 'DE CRUZ', 'email_984@example.com'),
('985', 'ELIANA PAOLA', 'LINETH', 'REGIS', 'IRAGO', 'email_985@example.com'),
('986', 'NAVNEET', 'GOIZARGI', 'MADEJON', 'VILORIA', 'email_986@example.com'),
('987', 'XIAOFANG', 'MARTA SOLEDAD', 'GILIBERT', 'FARTAN', 'email_987@example.com'),
('988', 'JONATHAN EZEQUIEL', 'IONUT CLAUDIU', 'MONTLLOR', 'PUJALES', 'email_988@example.com'),
('989', 'IRENE MANUELA', 'ELIZABETE', 'OTER', 'FUICA', 'email_989@example.com'),
('990', 'ALBERTO ARMANDO', 'CRISTIAN GEORGE', 'BRANDI', 'SERVETO', 'email_990@example.com'),
('991', 'AMALIO JOSE', 'VICTOR GUSTAVO', 'DEL NUEVO', 'GHINEA', 'email_991@example.com'),
('992', 'JOSE IVAN', 'TOMAS JAVIER', 'ASWANI', 'OJUEL', 'email_992@example.com'),
('993', 'SABINA PILAR', 'GALA MARIA', 'SABATES', 'MAGALLARES', 'email_993@example.com'),
('994', 'KEMO', 'JOSE MARIA PEDRO', 'ANIDOS', 'FLOX', 'email_994@example.com'),
('995', 'ROGER DAVID', 'MALICK', 'MOTERO', 'ALBENCA', 'email_995@example.com'),
('996', 'GUI', 'PAUL COSMIN', 'REID', 'BENAZZOUZ', 'email_996@example.com'),
('997', 'MICHAEL DENNIS', 'GUILLEM JOSEP', 'PROFITOS', 'BENGURIA', 'email_997@example.com'),
('998', 'SUHAYLA', 'MARIA MERCED', 'FECED', 'OBONO', 'email_998@example.com'),
('999', 'LOUISE', 'ANNA MALGORZATA', 'PONSODA', 'TIMIRAOS', 'email_999@example.com'),
('1000', 'RAMON MARIA', 'JUNLIANG', 'SELMA', 'GENZOR', 'email_1000@example.com');

-- Carga tabla ubicacion
INSERT INTO ubicacion (id_ubicacion, nombre_ubicacion, precio_alquiler, direccion, ciudad, aforo, caracteristicas) VALUES ('1', 'Santiago Bernabeu', 500.00, '123 Main St', 'Madrid Centro', 40000, 'Spacious, Parking Available');
INSERT INTO ubicacion (id_ubicacion, nombre_ubicacion, precio_alquiler, direccion, ciudad, aforo, caracteristicas) VALUES ('2', 'Casa de cristal', 700.50, '456 Elm St', 'Madrid Centro', 150, 'WiFi, Projector, Kitchenette');
INSERT INTO ubicacion (id_ubicacion, nombre_ubicacion, precio_alquiler, direccion, ciudad, aforo, caracteristicas) VALUES ('3', 'Lago de la casa de campo', 800.75, '789 Oak St', 'La latina', 2000, 'Outdoor Space, Audio System');
INSERT INTO ubicacion (id_ubicacion, nombre_ubicacion, precio_alquiler, direccion, ciudad, aforo, caracteristicas) VALUES ('4', 'Parque del retiro', 600.25, '101 Pine St', 'Madrid Centro', 120, 'Natural Light, Seating Arrangement Flexibility');
INSERT INTO ubicacion (id_ubicacion, nombre_ubicacion, precio_alquiler, direccion, ciudad, aforo, caracteristicas) VALUES ('5', 'Centro de eventos casa de campo', 900.00, '202 Maple St', 'La latina', 500, 'Stage, Sound System, Catering Available');
INSERT INTO ubicacion (id_ubicacion, nombre_ubicacion, precio_alquiler, direccion, ciudad, aforo, caracteristicas) VALUES ('6', 'Teatro colon', 400.50, '303 Cedar St', 'Madrid Centro', 130, 'Intimate Setting, Lounge Area');
INSERT INTO ubicacion (id_ubicacion, nombre_ubicacion, precio_alquiler, direccion, ciudad, aforo, caracteristicas) VALUES ('7', 'Teatro UCM', 1000.75, '404 Walnut St', 'Moncloa', 250, 'Multiple Rooms, On-site Staff');
INSERT INTO ubicacion (id_ubicacion, nombre_ubicacion, precio_alquiler, direccion, ciudad, aforo, caracteristicas) VALUES ('8', 'Estadio UCM', 550.25, '505 Birch St', 'Moncloa', 1500, 'High Ceilings, Artistic Ambiance');
INSERT INTO ubicacion (id_ubicacion, nombre_ubicacion, precio_alquiler, direccion, ciudad, aforo, caracteristicas) VALUES ('9', 'Sala de arte UCM', 950.00, '606 Fir St', 'Moncloa', 220, 'Rooftop Access, Panoramic Views');
INSERT INTO ubicacion (id_ubicacion, nombre_ubicacion, precio_alquiler, direccion, ciudad, aforo, caracteristicas) VALUES ('10', 'Sala de exposición de la escuela de bellas artes', 145, '707 Pine St', 'Madrid Centro', 60, 'Cozy Atmosphere, Fireplace');


-- Carga tabla evento
INSERT INTO evento (id_evento, nombre_evento, precio_ticket, fecha, descripcion, id_ubicacion, id_actividad) VALUES ('1', 'El lazarillo de tormes', 25.00, '2023-10-15 14:30:00', 'Obra presentada por los alumnos de teatro de primer año de la UCM', 6, 3);
INSERT INTO evento (id_evento, nombre_evento, precio_ticket, fecha, descripcion, id_ubicacion, id_actividad) VALUES ('2', 'El lago de los cisnes', 30.50, '2023-11-05 18:00:00', 'La compaía de ballet Nacional, presenta el lago de los cisnes en el marco de su gira de verano', 7, 8);
INSERT INTO evento (id_evento, nombre_evento, precio_ticket, fecha, descripcion, id_ubicacion, id_actividad) VALUES ('3', 'Yayoi Kusama, vida y obra. Primera fecha', 20.75, '2023-12-20 20:15:00', 'La sala de arte de la UCM, presenta la vida y obra de esta gran artísta japonesa', 9, 5);
INSERT INTO evento (id_evento, nombre_evento, precio_ticket, fecha, descripcion, id_ubicacion, id_actividad) VALUES ('4', 'Yayoi Kusama, vida y obra. Segunda fecha', 20.75, '2023-12-21 20:15:00', 'La sala de arte de la UCM, presenta la vida y obra de esta gran artísta japonesa', 9, 5);
INSERT INTO evento (id_evento, nombre_evento, precio_ticket, fecha, descripcion, id_ubicacion, id_actividad) VALUES ('5', 'Yayoi Kusama, vida y obra. Tercera fecha', 20.75, '2023-12-22 20:15:00', 'La sala de arte de la UCM, presenta la vida y obra de esta gran artísta japonesa', 9, 5);
INSERT INTO evento (id_evento, nombre_evento, precio_ticket, fecha, descripcion, id_ubicacion, id_actividad) VALUES ('6', 'Music for everyone 2023!', 30.0, '2023-11-22 21:00:00', 'Participa de la 5º fecha de este ya establecido festival!', 8, 2);
INSERT INTO evento (id_evento, nombre_evento, precio_ticket, fecha, descripcion, id_ubicacion, id_actividad) VALUES ('7', 'Festival musical UCM 2023', 15.0, '2023-12-01 15:00:00', 'Únete a la versión 2023 del festival mas querido por lña comunidad universitaria', 8, 4);


-- Carga tabla actividad_artista
INSERT INTO actividad_artista(id_actividad_artista, id_actividad, id_artista) VALUES('1', '3', '8');
INSERT INTO actividad_artista(id_actividad_artista, id_actividad, id_artista) VALUES('2', '8', '7');
INSERT INTO actividad_artista(id_actividad_artista, id_actividad, id_artista) VALUES('3', '5', '4');
INSERT INTO actividad_artista(id_actividad_artista, id_actividad, id_artista) VALUES('4', '2', '1');
INSERT INTO actividad_artista(id_actividad_artista, id_actividad, id_artista) VALUES('5', '2', '2');
INSERT INTO actividad_artista(id_actividad_artista, id_actividad, id_artista) VALUES('6', '2', '3');
INSERT INTO actividad_artista(id_actividad_artista, id_actividad, id_artista) VALUES('7', '4', '1');
INSERT INTO actividad_artista(id_actividad_artista, id_actividad, id_artista) VALUES('8', '4', '5');
INSERT INTO actividad_artista(id_actividad_artista, id_actividad, id_artista) VALUES('9', '4', '6');


-- Carga tabla evento_asistente
-- Se usa formato de bulk insert por motivos de performance
INSERT INTO evento_asistente(id_evento_asistente, id_evento, id_asistente) VALUES
('1', '1', '1'),
('2', '1', '2'),
('3', '1', '3'),
('4', '1', '4'),
('5', '1', '5'),
('6', '1', '6'),
('7', '1', '7'),
('8', '1', '8'),
('9', '1', '9'),
('10', '1', '10'),
('11', '1', '11'),
('12', '1', '12'),
('13', '1', '13'),
('14', '1', '14'),
('15', '1', '15'),
('16', '1', '16'),
('17', '1', '17'),
('18', '1', '18'),
('19', '1', '19'),
('20', '1', '20'),
('21', '1', '21'),
('22', '1', '22'),
('23', '1', '23'),
('24', '1', '24'),
('25', '1', '25'),
('26', '1', '26'),
('27', '1', '27'),
('28', '1', '28'),
('29', '1', '29'),
('30', '1', '30'),
('31', '1', '31'),
('32', '1', '32'),
('33', '1', '33'),
('34', '1', '34'),
('35', '1', '35'),
('36', '1', '36'),
('37', '1', '37'),
('38', '1', '38'),
('39', '1', '39'),
('40', '1', '40'),
('41', '1', '41'),
('42', '1', '42'),
('43', '1', '43'),
('44', '1', '44'),
('45', '1', '45'),
('46', '1', '46'),
('47', '1', '47'),
('48', '1', '48'),
('49', '1', '49'),
('50', '1', '50'),
('51', '1', '51'),
('52', '1', '52'),
('53', '1', '53'),
('54', '1', '54'),
('55', '1', '55'),
('56', '1', '56'),
('57', '1', '57'),
('58', '1', '58'),
('59', '1', '59'),
('60', '1', '60'),
('61', '1', '61'),
('62', '1', '62'),
('63', '1', '63'),
('64', '1', '64'),
('65', '1', '65'),
('66', '1', '66'),
('67', '1', '67'),
('68', '1', '68'),
('69', '1', '69'),
('70', '1', '70'),
('71', '1', '71'),
('72', '1', '72'),
('73', '1', '73'),
('74', '1', '74'),
('75', '1', '75'),
('76', '1', '76'),
('77', '1', '77'),
('78', '1', '78'),
('79', '1', '79'),
('80', '1', '80'),
('81', '1', '81'),
('82', '1', '82'),
('83', '1', '83'),
('84', '1', '84'),
('85', '1', '85'),
('86', '1', '86'),
('87', '1', '87'),
('88', '1', '88'),
('89', '1', '89'),
('90', '1', '90'),
('91', '1', '91'),
('92', '1', '92'),
('93', '1', '93'),
('94', '1', '94'),
('95', '1', '95'),
('96', '1', '96'),
('97', '1', '97'),
('98', '1', '98'),
('99', '1', '99'),
('100', '1', '100'),
('101', '1', '101'),
('102', '1', '102'),
('103', '1', '103'),
('104', '1', '104'),
('105', '1', '105'),
('106', '1', '106'),
('107', '1', '107'),
('108', '1', '108'),
('109', '1', '109'),
('110', '1', '110'),
('111', '1', '111'),
('112', '1', '112'),
('113', '1', '113'),
('114', '1', '114'),
('115', '1', '115'),
('116', '1', '116'),
('117', '1', '117'),
('118', '1', '118'),
('119', '1', '119'),
('120', '1', '120'),
('121', '1', '121'),
('122', '1', '122'),
('123', '1', '123'),
('124', '1', '124'),
('125', '1', '125'),
('126', '1', '126'),
('127', '1', '127'),
('128', '1', '128'),
('129', '1', '129'),
('130', '1', '130'),
('131', '2', '1'),
('132', '2', '2'),
('133', '2', '3'),
('134', '2', '4'),
('135', '2', '5'),
('136', '2', '6'),
('137', '2', '7'),
('138', '2', '8'),
('139', '2', '9'),
('140', '2', '10'),
('141', '2', '11'),
('142', '2', '12'),
('143', '2', '13'),
('144', '2', '14'),
('145', '2', '15'),
('146', '2', '16'),
('147', '2', '17'),
('148', '2', '18'),
('149', '2', '19'),
('150', '2', '20'),
('151', '2', '21'),
('152', '2', '22'),
('153', '2', '23'),
('154', '2', '24'),
('155', '2', '25'),
('156', '2', '26'),
('157', '2', '27'),
('158', '2', '28'),
('159', '2', '29'),
('160', '2', '30'),
('161', '2', '31'),
('162', '2', '32'),
('163', '2', '33'),
('164', '2', '34'),
('165', '2', '35'),
('166', '2', '36'),
('167', '2', '37'),
('168', '2', '38'),
('169', '2', '39'),
('170', '2', '40'),
('171', '2', '41'),
('172', '2', '42'),
('173', '2', '43'),
('174', '2', '44'),
('175', '2', '45'),
('176', '2', '46'),
('177', '2', '47'),
('178', '2', '48'),
('179', '2', '49'),
('180', '2', '50'),
('181', '2', '51'),
('182', '2', '52'),
('183', '2', '53'),
('184', '2', '54'),
('185', '2', '55'),
('186', '2', '56'),
('187', '2', '57'),
('188', '2', '58'),
('189', '2', '59'),
('190', '2', '60'),
('191', '2', '61'),
('192', '2', '62'),
('193', '2', '63'),
('194', '2', '64'),
('195', '2', '65'),
('196', '2', '66'),
('197', '2', '67'),
('198', '2', '68'),
('199', '2', '69'),
('200', '2', '70'),
('201', '2', '71'),
('202', '2', '72'),
('203', '2', '73'),
('204', '2', '74'),
('205', '2', '75'),
('206', '2', '76'),
('207', '2', '77'),
('208', '2', '78'),
('209', '2', '79'),
('210', '2', '80'),
('211', '2', '81'),
('212', '2', '82'),
('213', '2', '83'),
('214', '2', '84'),
('215', '2', '85'),
('216', '2', '86'),
('217', '3', '1'),
('218', '3', '2'),
('219', '3', '3'),
('220', '3', '4'),
('221', '3', '5'),
('222', '3', '6'),
('223', '3', '7'),
('224', '3', '8'),
('225', '3', '9'),
('226', '3', '10'),
('227', '3', '11'),
('228', '3', '12'),
('229', '3', '13'),
('230', '3', '14'),
('231', '3', '15'),
('232', '3', '16'),
('233', '3', '17'),
('234', '3', '18'),
('235', '3', '19'),
('236', '3', '20'),
('237', '3', '21'),
('238', '3', '22'),
('239', '3', '23'),
('240', '3', '24'),
('241', '3', '25'),
('242', '3', '26'),
('243', '3', '27'),
('244', '3', '28'),
('245', '3', '29'),
('246', '3', '30'),
('247', '3', '31'),
('248', '3', '32'),
('249', '3', '33'),
('250', '3', '34'),
('251', '3', '35'),
('252', '3', '36'),
('253', '3', '37'),
('254', '3', '38'),
('255', '3', '39'),
('256', '3', '40'),
('257', '3', '41'),
('258', '3', '42'),
('259', '3', '43'),
('260', '3', '44'),
('261', '3', '45'),
('262', '3', '46'),
('263', '3', '47'),
('264', '3', '48'),
('265', '3', '49'),
('266', '3', '50'),
('267', '3', '51'),
('268', '3', '52'),
('269', '3', '53'),
('270', '3', '54'),
('271', '3', '55'),
('272', '3', '56'),
('273', '3', '57'),
('274', '3', '58'),
('275', '3', '59'),
('276', '3', '60'),
('277', '3', '61'),
('278', '3', '62'),
('279', '3', '63'),
('280', '3', '64'),
('281', '3', '65'),
('282', '3', '66'),
('283', '3', '67'),
('284', '3', '68'),
('285', '3', '69'),
('286', '3', '70'),
('287', '3', '71'),
('288', '3', '72'),
('289', '3', '73'),
('290', '3', '74'),
('291', '3', '75'),
('292', '3', '76'),
('293', '3', '77'),
('294', '3', '78'),
('295', '3', '79'),
('296', '3', '80'),
('297', '3', '81'),
('298', '3', '82'),
('299', '3', '83'),
('300', '3', '84'),
('301', '3', '85'),
('302', '3', '86'),
('303', '3', '87'),
('304', '3', '88'),
('305', '3', '89'),
('306', '3', '90'),
('307', '3', '91'),
('308', '3', '92'),
('309', '3', '93'),
('310', '3', '94'),
('311', '3', '95'),
('312', '3', '96'),
('313', '3', '97'),
('314', '3', '98'),
('315', '3', '99'),
('316', '3', '100'),
('317', '3', '101'),
('318', '3', '102'),
('319', '3', '103'),
('320', '3', '104'),
('321', '3', '105'),
('322', '3', '106'),
('323', '3', '107'),
('324', '3', '108'),
('325', '3', '109'),
('326', '3', '110'),
('327', '3', '111'),
('328', '3', '112'),
('329', '3', '113'),
('330', '3', '114'),
('331', '3', '115'),
('332', '3', '116'),
('333', '3', '117'),
('334', '3', '118'),
('335', '3', '119'),
('336', '3', '120'),
('337', '3', '121'),
('338', '3', '122'),
('339', '3', '123'),
('340', '3', '124'),
('341', '3', '125'),
('342', '3', '126'),
('343', '3', '127'),
('344', '3', '128'),
('345', '3', '129'),
('346', '3', '130'),
('347', '3', '131'),
('348', '3', '132'),
('349', '3', '133'),
('350', '3', '134'),
('351', '3', '135'),
('352', '3', '136'),
('353', '3', '137'),
('354', '3', '138'),
('355', '3', '139'),
('356', '3', '140'),
('357', '3', '141'),
('358', '3', '142'),
('359', '3', '143'),
('360', '3', '144'),
('361', '3', '145'),
('362', '3', '146'),
('363', '3', '147'),
('364', '3', '148'),
('365', '3', '149'),
('366', '3', '150'),
('367', '3', '151'),
('368', '3', '152'),
('369', '3', '153'),
('370', '3', '154'),
('371', '3', '155'),
('372', '3', '156'),
('373', '3', '157'),
('374', '3', '158'),
('375', '3', '159'),
('376', '3', '160'),
('377', '3', '161'),
('378', '3', '162'),
('379', '3', '163'),
('380', '3', '164'),
('381', '3', '165'),
('382', '3', '166'),
('383', '3', '167'),
('384', '3', '168'),
('385', '3', '169'),
('386', '3', '170'),
('387', '3', '171'),
('388', '3', '172'),
('389', '3', '173'),
('390', '3', '174'),
('391', '3', '175'),
('392', '3', '176'),
('393', '3', '177'),
('394', '3', '178'),
('395', '3', '179'),
('396', '3', '180'),
('397', '3', '181'),
('398', '3', '182'),
('399', '3', '183'),
('400', '3', '184'),
('401', '3', '185'),
('402', '3', '186'),
('403', '3', '187'),
('404', '3', '188'),
('405', '3', '189'),
('406', '3', '190'),
('407', '3', '191'),
('408', '3', '192'),
('409', '3', '193'),
('410', '3', '194'),
('411', '3', '195'),
('412', '3', '196'),
('413', '3', '197'),
('414', '3', '198'),
('415', '3', '199'),
('416', '3', '200'),
('417', '3', '201'),
('418', '3', '202'),
('419', '3', '203'),
('420', '3', '204'),
('421', '3', '205'),
('422', '3', '206'),
('423', '3', '207'),
('424', '3', '208'),
('425', '3', '209'),
('426', '3', '210'),
('427', '3', '211'),
('428', '3', '212'),
('429', '3', '213'),
('430', '3', '214'),
('431', '3', '215'),
('432', '3', '216'),
('433', '3', '217'),
('434', '3', '218'),
('435', '3', '219'),
('436', '3', '220'),
('437', '4', '500'),
('438', '4', '501'),
('439', '4', '502'),
('440', '4', '503'),
('441', '4', '504'),
('442', '4', '505'),
('443', '4', '506'),
('444', '4', '507'),
('445', '4', '508'),
('446', '4', '509'),
('447', '4', '510'),
('448', '4', '511'),
('449', '4', '512'),
('450', '4', '513'),
('451', '4', '514'),
('452', '4', '515'),
('453', '4', '516'),
('454', '4', '517'),
('455', '4', '518'),
('456', '4', '519'),
('457', '4', '520'),
('458', '4', '521'),
('459', '4', '522'),
('460', '4', '523'),
('461', '4', '524'),
('462', '4', '525'),
('463', '4', '526'),
('464', '4', '527'),
('465', '4', '528'),
('466', '4', '529'),
('467', '4', '530'),
('468', '4', '531'),
('469', '4', '532'),
('470', '4', '533'),
('471', '4', '534'),
('472', '4', '535'),
('473', '4', '536'),
('474', '4', '537'),
('475', '4', '538'),
('476', '4', '539'),
('477', '4', '540'),
('478', '4', '541'),
('479', '4', '542'),
('480', '4', '543'),
('481', '4', '544'),
('482', '4', '545'),
('483', '4', '546'),
('484', '4', '547'),
('485', '4', '548'),
('486', '4', '549'),
('487', '4', '550'),
('488', '4', '551'),
('489', '4', '552'),
('490', '4', '553'),
('491', '4', '554'),
('492', '4', '555'),
('493', '4', '556'),
('494', '4', '557'),
('495', '4', '558'),
('496', '4', '559'),
('497', '4', '560'),
('498', '4', '561'),
('499', '4', '562'),
('500', '4', '563'),
('501', '4', '564'),
('502', '4', '565'),
('503', '4', '566'),
('504', '4', '567'),
('505', '4', '568'),
('506', '4', '569'),
('507', '4', '570'),
('508', '4', '571'),
('509', '4', '572'),
('510', '4', '573'),
('511', '4', '574'),
('512', '4', '575'),
('513', '4', '576'),
('514', '4', '577'),
('515', '4', '578'),
('516', '4', '579'),
('517', '4', '580'),
('518', '4', '581'),
('519', '4', '582'),
('520', '4', '583'),
('521', '4', '584'),
('522', '4', '585'),
('523', '4', '586'),
('524', '4', '587'),
('525', '4', '588'),
('526', '4', '589'),
('527', '4', '590'),
('528', '4', '591'),
('529', '4', '592'),
('530', '4', '593'),
('531', '4', '594'),
('532', '4', '595'),
('533', '4', '596'),
('534', '4', '597'),
('535', '4', '598'),
('536', '4', '599'),
('537', '4', '600'),
('538', '4', '601'),
('539', '4', '602'),
('540', '4', '603'),
('541', '4', '604'),
('542', '4', '605'),
('543', '4', '606'),
('544', '4', '607'),
('545', '4', '608'),
('546', '4', '609'),
('547', '4', '610'),
('548', '4', '611'),
('549', '4', '612'),
('550', '4', '613'),
('551', '4', '614'),
('552', '4', '615'),
('553', '4', '616'),
('554', '4', '617'),
('555', '4', '618'),
('556', '4', '619'),
('557', '4', '620'),
('558', '4', '621'),
('559', '4', '622'),
('560', '4', '623'),
('561', '4', '624'),
('562', '4', '625'),
('563', '4', '626'),
('564', '4', '627'),
('565', '4', '628'),
('566', '4', '629'),
('567', '4', '630'),
('568', '4', '631'),
('569', '4', '632'),
('570', '4', '633'),
('571', '4', '634'),
('572', '4', '635'),
('573', '4', '636'),
('574', '4', '637'),
('575', '4', '638'),
('576', '4', '639'),
('577', '4', '640'),
('578', '4', '641'),
('579', '4', '642'),
('580', '4', '643'),
('581', '4', '644'),
('582', '4', '645'),
('583', '4', '646'),
('584', '4', '647'),
('585', '4', '648'),
('586', '4', '649'),
('587', '4', '650'),
('588', '4', '651'),
('589', '4', '652'),
('590', '4', '653'),
('591', '4', '654'),
('592', '4', '655'),
('593', '4', '656'),
('594', '4', '657'),
('595', '4', '658'),
('596', '4', '659'),
('597', '4', '660'),
('598', '4', '661'),
('599', '4', '662'),
('600', '4', '663'),
('601', '4', '664'),
('602', '4', '665'),
('603', '4', '666'),
('604', '4', '667'),
('605', '4', '668'),
('606', '4', '669'),
('607', '4', '670'),
('608', '4', '671'),
('609', '4', '672'),
('610', '4', '673'),
('611', '4', '674'),
('612', '4', '675'),
('613', '4', '676'),
('614', '4', '677'),
('615', '4', '678'),
('616', '4', '679'),
('617', '4', '680'),
('618', '4', '681'),
('619', '4', '682'),
('620', '4', '683'),
('621', '4', '684'),
('622', '4', '685'),
('623', '4', '686'),
('624', '4', '687'),
('625', '4', '688'),
('626', '4', '689'),
('627', '4', '690'),
('628', '4', '691'),
('629', '4', '692'),
('630', '4', '693'),
('631', '4', '694'),
('632', '4', '695'),
('633', '4', '696'),
('634', '4', '697'),
('635', '4', '698'),
('636', '4', '699'),
('637', '4', '700'),
('638', '4', '701'),
('639', '4', '702'),
('640', '4', '703'),
('641', '4', '704'),
('642', '4', '705'),
('643', '4', '706'),
('644', '4', '707'),
('645', '4', '708'),
('646', '4', '709'),
('647', '4', '710'),
('648', '4', '711'),
('649', '4', '712'),
('650', '4', '713'),
('651', '4', '714'),
('652', '4', '715'),
('653', '4', '716'),
('654', '4', '717'),
('655', '4', '718'),
('656', '4', '800'),
('657', '5', '600'),
('658', '5', '601'),
('659', '5', '602'),
('660', '5', '603'),
('661', '5', '604'),
('662', '5', '605'),
('663', '5', '606'),
('664', '5', '607'),
('665', '5', '608'),
('666', '5', '609'),
('667', '5', '610'),
('668', '5', '611'),
('669', '5', '612'),
('670', '5', '613'),
('671', '5', '614'),
('672', '5', '615'),
('673', '5', '616'),
('674', '5', '617'),
('675', '5', '618'),
('676', '5', '619'),
('677', '5', '620'),
('678', '5', '621'),
('679', '5', '622'),
('680', '5', '623'),
('681', '5', '624'),
('682', '5', '625'),
('683', '5', '626'),
('684', '5', '627'),
('685', '5', '628'),
('686', '5', '629'),
('687', '5', '630'),
('688', '5', '631'),
('689', '5', '632'),
('690', '5', '633'),
('691', '5', '634'),
('692', '5', '635'),
('693', '5', '636'),
('694', '5', '637'),
('695', '5', '638'),
('696', '5', '639'),
('697', '5', '640'),
('698', '5', '641'),
('699', '5', '642'),
('700', '5', '643'),
('701', '5', '644'),
('702', '5', '645'),
('703', '5', '646'),
('704', '5', '647'),
('705', '5', '648'),
('706', '5', '649'),
('707', '6', '1'),
('708', '6', '2'),
('709', '6', '3'),
('710', '6', '4'),
('711', '6', '5'),
('712', '6', '6'),
('713', '6', '7'),
('714', '6', '8'),
('715', '6', '9'),
('716', '6', '10'),
('717', '6', '11'),
('718', '6', '12'),
('719', '6', '13'),
('720', '6', '14'),
('721', '6', '15'),
('722', '6', '16'),
('723', '6', '17'),
('724', '6', '18'),
('725', '6', '19'),
('726', '6', '20'),
('727', '6', '21'),
('728', '6', '22'),
('729', '6', '23'),
('730', '6', '24'),
('731', '6', '25'),
('732', '6', '26'),
('733', '6', '27'),
('734', '6', '28'),
('735', '6', '29'),
('736', '6', '30'),
('737', '6', '31'),
('738', '6', '32'),
('739', '6', '33'),
('740', '6', '34'),
('741', '6', '35'),
('742', '6', '36'),
('743', '6', '37'),
('744', '6', '38'),
('745', '6', '39'),
('746', '6', '40'),
('747', '6', '41'),
('748', '6', '42'),
('749', '6', '43'),
('750', '6', '44'),
('751', '6', '45'),
('752', '6', '46'),
('753', '6', '47'),
('754', '6', '48'),
('755', '6', '49'),
('756', '6', '50'),
('757', '6', '51'),
('758', '6', '52'),
('759', '6', '53'),
('760', '6', '54'),
('761', '6', '55'),
('762', '6', '56'),
('763', '6', '57'),
('764', '6', '58'),
('765', '6', '59'),
('766', '6', '60'),
('767', '6', '61'),
('768', '6', '62'),
('769', '6', '63'),
('770', '6', '64'),
('771', '6', '65'),
('772', '6', '66'),
('773', '6', '67'),
('774', '6', '68'),
('775', '6', '69'),
('776', '6', '70'),
('777', '6', '71'),
('778', '6', '72'),
('779', '6', '73'),
('780', '6', '74'),
('781', '6', '75'),
('782', '6', '76'),
('783', '6', '77'),
('784', '6', '78'),
('785', '6', '79'),
('786', '6', '80'),
('787', '6', '81'),
('788', '6', '82'),
('789', '6', '83'),
('790', '6', '84'),
('791', '6', '85'),
('792', '6', '86'),
('793', '6', '87'),
('794', '6', '88'),
('795', '6', '89'),
('796', '6', '90'),
('797', '6', '91'),
('798', '6', '92'),
('799', '6', '93'),
('800', '6', '94'),
('801', '6', '95'),
('802', '6', '96'),
('803', '6', '97'),
('804', '6', '98'),
('805', '6', '99'),
('806', '6', '100'),
('807', '6', '101'),
('808', '6', '102'),
('809', '6', '103'),
('810', '6', '104'),
('811', '6', '105'),
('812', '6', '106'),
('813', '6', '107'),
('814', '6', '108'),
('815', '6', '109'),
('816', '6', '110'),
('817', '6', '111'),
('818', '6', '112'),
('819', '6', '113'),
('820', '6', '114'),
('821', '6', '115'),
('822', '6', '116'),
('823', '6', '117'),
('824', '6', '118'),
('825', '6', '119'),
('826', '6', '120'),
('827', '6', '121'),
('828', '6', '122'),
('829', '6', '123'),
('830', '6', '124'),
('831', '6', '125'),
('832', '6', '126'),
('833', '6', '127'),
('834', '6', '128'),
('835', '6', '129'),
('836', '6', '130'),
('837', '6', '131'),
('838', '6', '132'),
('839', '6', '133'),
('840', '6', '134'),
('841', '6', '135'),
('842', '6', '136'),
('843', '6', '137'),
('844', '6', '138'),
('845', '6', '139'),
('846', '6', '140'),
('847', '6', '141'),
('848', '6', '142'),
('849', '6', '143'),
('850', '6', '144'),
('851', '6', '145'),
('852', '6', '146'),
('853', '6', '147'),
('854', '6', '148'),
('855', '6', '149'),
('856', '6', '150'),
('857', '6', '151'),
('858', '6', '152'),
('859', '6', '153'),
('860', '6', '154'),
('861', '6', '155'),
('862', '6', '156'),
('863', '6', '157'),
('864', '6', '158'),
('865', '6', '159'),
('866', '6', '160'),
('867', '6', '161'),
('868', '6', '162'),
('869', '6', '163'),
('870', '6', '164'),
('871', '6', '165'),
('872', '6', '166'),
('873', '6', '167'),
('874', '6', '168'),
('875', '6', '169'),
('876', '6', '170'),
('877', '6', '171'),
('878', '6', '172'),
('879', '6', '173'),
('880', '6', '174'),
('881', '6', '175'),
('882', '6', '176'),
('883', '6', '177'),
('884', '6', '178'),
('885', '6', '179'),
('886', '6', '180'),
('887', '6', '181'),
('888', '6', '182'),
('889', '6', '183'),
('890', '6', '184'),
('891', '6', '185'),
('892', '6', '186'),
('893', '6', '187'),
('894', '6', '188'),
('895', '6', '189'),
('896', '6', '190'),
('897', '6', '191'),
('898', '6', '192'),
('899', '6', '193'),
('900', '6', '194'),
('901', '6', '195'),
('902', '6', '196'),
('903', '6', '197'),
('904', '6', '198'),
('905', '6', '199'),
('906', '6', '200'),
('907', '6', '201'),
('908', '6', '202'),
('909', '6', '203'),
('910', '6', '204'),
('911', '6', '205'),
('912', '6', '206'),
('913', '6', '207'),
('914', '6', '208'),
('915', '6', '209'),
('916', '6', '210'),
('917', '6', '211'),
('918', '6', '212'),
('919', '6', '213'),
('920', '6', '214'),
('921', '6', '215'),
('922', '6', '216'),
('923', '6', '217'),
('924', '6', '218'),
('925', '6', '219'),
('926', '6', '220'),
('927', '6', '221'),
('928', '6', '222'),
('929', '6', '223'),
('930', '6', '224'),
('931', '6', '225'),
('932', '6', '226'),
('933', '6', '227'),
('934', '6', '228'),
('935', '6', '229'),
('936', '6', '230'),
('937', '6', '231'),
('938', '6', '232'),
('939', '6', '233'),
('940', '6', '234'),
('941', '6', '235'),
('942', '6', '236'),
('943', '6', '237'),
('944', '6', '238'),
('945', '6', '239'),
('946', '6', '240'),
('947', '6', '241'),
('948', '6', '242'),
('949', '6', '243'),
('950', '6', '244'),
('951', '6', '245'),
('952', '6', '246'),
('953', '6', '247'),
('954', '6', '248'),
('955', '6', '249'),
('956', '6', '250'),
('957', '6', '251'),
('958', '6', '252'),
('959', '6', '253'),
('960', '6', '254'),
('961', '6', '255'),
('962', '6', '256'),
('963', '6', '257'),
('964', '6', '258'),
('965', '6', '259'),
('966', '6', '260'),
('967', '6', '261'),
('968', '6', '262'),
('969', '6', '263'),
('970', '6', '264'),
('971', '6', '265'),
('972', '6', '266'),
('973', '6', '267'),
('974', '6', '268'),
('975', '6', '269'),
('976', '6', '270'),
('977', '6', '271'),
('978', '6', '272'),
('979', '6', '273'),
('980', '6', '274'),
('981', '6', '275'),
('982', '6', '276'),
('983', '6', '277'),
('984', '6', '278'),
('985', '6', '279'),
('986', '6', '280'),
('987', '6', '281'),
('988', '6', '282'),
('989', '6', '283'),
('990', '6', '284'),
('991', '6', '285'),
('992', '6', '286'),
('993', '6', '287'),
('994', '6', '288'),
('995', '6', '289'),
('996', '6', '290'),
('997', '6', '291'),
('998', '6', '292'),
('999', '6', '293'),
('1000', '6', '294'),
('1001', '6', '295'),
('1002', '6', '296'),
('1003', '6', '297'),
('1004', '6', '298'),
('1005', '6', '299'),
('1006', '6', '300'),
('1007', '6', '301'),
('1008', '6', '302'),
('1009', '6', '303'),
('1010', '6', '304'),
('1011', '6', '305'),
('1012', '6', '306'),
('1013', '6', '307'),
('1014', '6', '308'),
('1015', '6', '309'),
('1016', '6', '310'),
('1017', '6', '311'),
('1018', '6', '312'),
('1019', '6', '313'),
('1020', '6', '314'),
('1021', '6', '315'),
('1022', '6', '316'),
('1023', '6', '317'),
('1024', '6', '318'),
('1025', '6', '319'),
('1026', '6', '320'),
('1027', '6', '321'),
('1028', '6', '322'),
('1029', '6', '323'),
('1030', '6', '324'),
('1031', '6', '325'),
('1032', '6', '326'),
('1033', '6', '327'),
('1034', '6', '328'),
('1035', '6', '329'),
('1036', '6', '330'),
('1037', '6', '331'),
('1038', '6', '332'),
('1039', '6', '333'),
('1040', '6', '334'),
('1041', '6', '335'),
('1042', '6', '336'),
('1043', '6', '337'),
('1044', '6', '338'),
('1045', '6', '339'),
('1046', '6', '340'),
('1047', '6', '341'),
('1048', '6', '342'),
('1049', '6', '343'),
('1050', '6', '344'),
('1051', '6', '345'),
('1052', '6', '346'),
('1053', '6', '347'),
('1054', '6', '348'),
('1055', '6', '349'),
('1056', '6', '350'),
('1057', '6', '351'),
('1058', '6', '352'),
('1059', '6', '353'),
('1060', '6', '354'),
('1061', '6', '355'),
('1062', '6', '356'),
('1063', '6', '357'),
('1064', '6', '358'),
('1065', '6', '359'),
('1066', '6', '360'),
('1067', '6', '361'),
('1068', '6', '362'),
('1069', '6', '363'),
('1070', '6', '364'),
('1071', '6', '365'),
('1072', '6', '366'),
('1073', '6', '367'),
('1074', '6', '368'),
('1075', '6', '369'),
('1076', '6', '370'),
('1077', '6', '371'),
('1078', '6', '372'),
('1079', '6', '373'),
('1080', '6', '374'),
('1081', '6', '375'),
('1082', '6', '376'),
('1083', '6', '377'),
('1084', '6', '378'),
('1085', '6', '379'),
('1086', '6', '380'),
('1087', '6', '381'),
('1088', '6', '382'),
('1089', '6', '383'),
('1090', '6', '384'),
('1091', '6', '385'),
('1092', '6', '386'),
('1093', '6', '387'),
('1094', '6', '388'),
('1095', '6', '389'),
('1096', '6', '390'),
('1097', '6', '391'),
('1098', '6', '392'),
('1099', '6', '393'),
('1100', '6', '394'),
('1101', '6', '395'),
('1102', '6', '396'),
('1103', '6', '397'),
('1104', '6', '398'),
('1105', '6', '399'),
('1106', '6', '400'),
('1107', '6', '401'),
('1108', '6', '402'),
('1109', '6', '403'),
('1110', '6', '404'),
('1111', '6', '405'),
('1112', '6', '406'),
('1113', '6', '407'),
('1114', '6', '408'),
('1115', '6', '409'),
('1116', '6', '410'),
('1117', '6', '411'),
('1118', '6', '412'),
('1119', '6', '413'),
('1120', '6', '414'),
('1121', '6', '415'),
('1122', '6', '416'),
('1123', '6', '417'),
('1124', '6', '418'),
('1125', '6', '419'),
('1126', '6', '420'),
('1127', '6', '421'),
('1128', '6', '422'),
('1129', '6', '423'),
('1130', '6', '424'),
('1131', '6', '425'),
('1132', '6', '426'),
('1133', '6', '427'),
('1134', '6', '428'),
('1135', '6', '429'),
('1136', '6', '430'),
('1137', '6', '431'),
('1138', '6', '432'),
('1139', '6', '433'),
('1140', '6', '434'),
('1141', '6', '435'),
('1142', '6', '436'),
('1143', '6', '437'),
('1144', '6', '438'),
('1145', '6', '439'),
('1146', '6', '440'),
('1147', '6', '441'),
('1148', '6', '442'),
('1149', '6', '443'),
('1150', '6', '444'),
('1151', '6', '445'),
('1152', '6', '446'),
('1153', '6', '447'),
('1154', '6', '448'),
('1155', '6', '449'),
('1156', '6', '450'),
('1157', '6', '451'),
('1158', '6', '452'),
('1159', '6', '453'),
('1160', '6', '454'),
('1161', '6', '455'),
('1162', '6', '456'),
('1163', '6', '457'),
('1164', '6', '458'),
('1165', '6', '459'),
('1166', '6', '460'),
('1167', '6', '461'),
('1168', '6', '462'),
('1169', '6', '463'),
('1170', '6', '464'),
('1171', '6', '465'),
('1172', '6', '466'),
('1173', '6', '467'),
('1174', '6', '468'),
('1175', '6', '469'),
('1176', '6', '470'),
('1177', '6', '471'),
('1178', '6', '472'),
('1179', '6', '473'),
('1180', '6', '474'),
('1181', '6', '475'),
('1182', '6', '476'),
('1183', '6', '477'),
('1184', '6', '478'),
('1185', '6', '479'),
('1186', '6', '480'),
('1187', '6', '481'),
('1188', '6', '482'),
('1189', '6', '483'),
('1190', '6', '484'),
('1191', '6', '485'),
('1192', '6', '486'),
('1193', '6', '487'),
('1194', '6', '488'),
('1195', '6', '489'),
('1196', '6', '490'),
('1197', '6', '491'),
('1198', '6', '492'),
('1199', '6', '493'),
('1200', '6', '494'),
('1201', '6', '495'),
('1202', '6', '496'),
('1203', '6', '497'),
('1204', '6', '498'),
('1205', '6', '499'),
('1206', '6', '500'),
('1207', '6', '501'),
('1208', '6', '502'),
('1209', '6', '503'),
('1210', '6', '504'),
('1211', '6', '505'),
('1212', '6', '506'),
('1213', '6', '507'),
('1214', '6', '508'),
('1215', '6', '509'),
('1216', '6', '510'),
('1217', '6', '511'),
('1218', '6', '512'),
('1219', '6', '513'),
('1220', '6', '514'),
('1221', '6', '515'),
('1222', '6', '516'),
('1223', '6', '517'),
('1224', '6', '518'),
('1225', '6', '519'),
('1226', '6', '520'),
('1227', '6', '521'),
('1228', '6', '522'),
('1229', '6', '523'),
('1230', '6', '524'),
('1231', '6', '525'),
('1232', '6', '526'),
('1233', '6', '527'),
('1234', '6', '528'),
('1235', '6', '529'),
('1236', '6', '530'),
('1237', '6', '531'),
('1238', '6', '532'),
('1239', '6', '533'),
('1240', '6', '534'),
('1241', '6', '535'),
('1242', '6', '536'),
('1243', '6', '537'),
('1244', '6', '538'),
('1245', '6', '539'),
('1246', '6', '540'),
('1247', '6', '541'),
('1248', '6', '542'),
('1249', '6', '543'),
('1250', '6', '544'),
('1251', '6', '545'),
('1252', '6', '546'),
('1253', '6', '547'),
('1254', '6', '548'),
('1255', '6', '549'),
('1256', '6', '550'),
('1257', '6', '551'),
('1258', '6', '552'),
('1259', '6', '553'),
('1260', '6', '554'),
('1261', '6', '555'),
('1262', '6', '556'),
('1263', '6', '557'),
('1264', '6', '558'),
('1265', '6', '559'),
('1266', '6', '560'),
('1267', '6', '561'),
('1268', '6', '562'),
('1269', '6', '563'),
('1270', '6', '564'),
('1271', '6', '565'),
('1272', '6', '566'),
('1273', '6', '567'),
('1274', '6', '568'),
('1275', '6', '569'),
('1276', '6', '570'),
('1277', '6', '571'),
('1278', '6', '572'),
('1279', '6', '573'),
('1280', '6', '574'),
('1281', '6', '575'),
('1282', '6', '576'),
('1283', '6', '577'),
('1284', '6', '578'),
('1285', '6', '579'),
('1286', '6', '580'),
('1287', '6', '581'),
('1288', '6', '582'),
('1289', '6', '583'),
('1290', '6', '584'),
('1291', '6', '585'),
('1292', '6', '586'),
('1293', '6', '587'),
('1294', '6', '588'),
('1295', '6', '589'),
('1296', '6', '590'),
('1297', '6', '591'),
('1298', '6', '592'),
('1299', '6', '593'),
('1300', '6', '594'),
('1301', '6', '595'),
('1302', '6', '596'),
('1303', '6', '597'),
('1304', '6', '598'),
('1305', '6', '599'),
('1306', '6', '600'),
('1307', '6', '601'),
('1308', '6', '602'),
('1309', '6', '603'),
('1310', '6', '604'),
('1311', '6', '605'),
('1312', '6', '606'),
('1313', '6', '607'),
('1314', '6', '608'),
('1315', '6', '609'),
('1316', '6', '610'),
('1317', '6', '611'),
('1318', '6', '612'),
('1319', '6', '613'),
('1320', '6', '614'),
('1321', '6', '615'),
('1322', '6', '616'),
('1323', '6', '617'),
('1324', '6', '618'),
('1325', '6', '619'),
('1326', '6', '620'),
('1327', '6', '621'),
('1328', '6', '622'),
('1329', '6', '623'),
('1330', '6', '624'),
('1331', '6', '625'),
('1332', '6', '626'),
('1333', '6', '627'),
('1334', '6', '628'),
('1335', '6', '629'),
('1336', '6', '630'),
('1337', '6', '631'),
('1338', '6', '632'),
('1339', '6', '633'),
('1340', '6', '634'),
('1341', '6', '635'),
('1342', '6', '636'),
('1343', '6', '637'),
('1344', '6', '638'),
('1345', '6', '639'),
('1346', '6', '640'),
('1347', '6', '641'),
('1348', '6', '642'),
('1349', '6', '643'),
('1350', '6', '644'),
('1351', '6', '645'),
('1352', '6', '646'),
('1353', '6', '647'),
('1354', '6', '648'),
('1355', '6', '649'),
('1356', '6', '650'),
('1357', '6', '651'),
('1358', '6', '652'),
('1359', '6', '653'),
('1360', '6', '654'),
('1361', '6', '655'),
('1362', '6', '656'),
('1363', '6', '657'),
('1364', '6', '658'),
('1365', '6', '659'),
('1366', '6', '660'),
('1367', '6', '661'),
('1368', '6', '662'),
('1369', '6', '663'),
('1370', '6', '664'),
('1371', '6', '665'),
('1372', '6', '666'),
('1373', '6', '667'),
('1374', '6', '668'),
('1375', '6', '669'),
('1376', '6', '670'),
('1377', '6', '671'),
('1378', '6', '672'),
('1379', '6', '673'),
('1380', '6', '674'),
('1381', '6', '675'),
('1382', '6', '676'),
('1383', '6', '677'),
('1384', '6', '678'),
('1385', '6', '679'),
('1386', '6', '680'),
('1387', '6', '681'),
('1388', '6', '682'),
('1389', '6', '683'),
('1390', '6', '684'),
('1391', '6', '685'),
('1392', '6', '686'),
('1393', '6', '687'),
('1394', '6', '688'),
('1395', '6', '689'),
('1396', '6', '690'),
('1397', '6', '691'),
('1398', '6', '692'),
('1399', '6', '693'),
('1400', '6', '694'),
('1401', '6', '695'),
('1402', '6', '696'),
('1403', '6', '697'),
('1404', '6', '698'),
('1405', '6', '699'),
('1406', '6', '700'),
('1407', '6', '701'),
('1408', '6', '702'),
('1409', '6', '703'),
('1410', '6', '704'),
('1411', '6', '705'),
('1412', '6', '706'),
('1413', '6', '707'),
('1414', '6', '708'),
('1415', '6', '709'),
('1416', '6', '710'),
('1417', '6', '711'),
('1418', '6', '712'),
('1419', '6', '713'),
('1420', '6', '714'),
('1421', '6', '715'),
('1422', '6', '716'),
('1423', '6', '717'),
('1424', '6', '718'),
('1425', '6', '719'),
('1426', '6', '720'),
('1427', '6', '721'),
('1428', '6', '722'),
('1429', '6', '723'),
('1430', '6', '724'),
('1431', '6', '725'),
('1432', '6', '726'),
('1433', '6', '727'),
('1434', '6', '728'),
('1435', '6', '729'),
('1436', '6', '730'),
('1437', '6', '731'),
('1438', '6', '732'),
('1439', '6', '733'),
('1440', '6', '734'),
('1441', '6', '735'),
('1442', '6', '736'),
('1443', '6', '737'),
('1444', '6', '738'),
('1445', '6', '739'),
('1446', '6', '740'),
('1447', '6', '741'),
('1448', '6', '742'),
('1449', '6', '743'),
('1450', '6', '744'),
('1451', '6', '745'),
('1452', '6', '746'),
('1453', '6', '747'),
('1454', '6', '748'),
('1455', '6', '749'),
('1456', '6', '750'),
('1457', '6', '751'),
('1458', '6', '752'),
('1459', '6', '753'),
('1460', '6', '754'),
('1461', '6', '755'),
('1462', '6', '756'),
('1463', '6', '757'),
('1464', '6', '758'),
('1465', '6', '759'),
('1466', '6', '760'),
('1467', '6', '761'),
('1468', '6', '762'),
('1469', '6', '763'),
('1470', '6', '764'),
('1471', '6', '765'),
('1472', '6', '766'),
('1473', '6', '767'),
('1474', '6', '768'),
('1475', '6', '769'),
('1476', '6', '770'),
('1477', '6', '771'),
('1478', '6', '772'),
('1479', '6', '773'),
('1480', '6', '774'),
('1481', '6', '775'),
('1482', '6', '776'),
('1483', '6', '777'),
('1484', '6', '778'),
('1485', '6', '779'),
('1486', '6', '780'),
('1487', '6', '781'),
('1488', '6', '782'),
('1489', '6', '783'),
('1490', '6', '784'),
('1491', '6', '785'),
('1492', '6', '786'),
('1493', '6', '787'),
('1494', '6', '788'),
('1495', '6', '789'),
('1496', '6', '790'),
('1497', '6', '791'),
('1498', '6', '792'),
('1499', '6', '793'),
('1500', '6', '794'),
('1501', '6', '795'),
('1502', '6', '796'),
('1503', '6', '797'),
('1504', '6', '798'),
('1505', '6', '799'),
('1506', '6', '800'),
('1507', '6', '801'),
('1508', '6', '802'),
('1509', '6', '803'),
('1510', '6', '804'),
('1511', '6', '805'),
('1512', '6', '806'),
('1513', '6', '807'),
('1514', '6', '808'),
('1515', '6', '809'),
('1516', '6', '810'),
('1517', '6', '811'),
('1518', '6', '812'),
('1519', '6', '813'),
('1520', '6', '814'),
('1521', '6', '815'),
('1522', '6', '816'),
('1523', '6', '817'),
('1524', '6', '818'),
('1525', '6', '819'),
('1526', '6', '820'),
('1527', '6', '821'),
('1528', '6', '822'),
('1529', '6', '823'),
('1530', '6', '824'),
('1531', '6', '825'),
('1532', '6', '826'),
('1533', '6', '827'),
('1534', '6', '828'),
('1535', '6', '829'),
('1536', '6', '830'),
('1537', '6', '831'),
('1538', '6', '832'),
('1539', '6', '833'),
('1540', '6', '834'),
('1541', '6', '835'),
('1542', '6', '836'),
('1543', '6', '837'),
('1544', '6', '838'),
('1545', '6', '839'),
('1546', '6', '840'),
('1547', '6', '841'),
('1548', '6', '842'),
('1549', '6', '843'),
('1550', '6', '844'),
('1551', '6', '845'),
('1552', '6', '846'),
('1553', '6', '847'),
('1554', '6', '848'),
('1555', '6', '849'),
('1556', '6', '850'),
('1557', '6', '851'),
('1558', '6', '852'),
('1559', '6', '853'),
('1560', '6', '854'),
('1561', '6', '855'),
('1562', '6', '856'),
('1563', '6', '857'),
('1564', '6', '858'),
('1565', '6', '859'),
('1566', '6', '860'),
('1567', '6', '861'),
('1568', '6', '862'),
('1569', '6', '863'),
('1570', '6', '864'),
('1571', '6', '865'),
('1572', '6', '866'),
('1573', '6', '867'),
('1574', '6', '868'),
('1575', '6', '869'),
('1576', '6', '870'),
('1577', '6', '871'),
('1578', '6', '872'),
('1579', '6', '873'),
('1580', '6', '874'),
('1581', '6', '875'),
('1582', '6', '876'),
('1583', '6', '877'),
('1584', '6', '878'),
('1585', '6', '879'),
('1586', '6', '880'),
('1587', '6', '881'),
('1588', '6', '882'),
('1589', '6', '883'),
('1590', '6', '884'),
('1591', '6', '885'),
('1592', '6', '886'),
('1593', '6', '887'),
('1594', '6', '888'),
('1595', '6', '889'),
('1596', '6', '890'),
('1597', '6', '891'),
('1598', '6', '892'),
('1599', '6', '893'),
('1600', '6', '894'),
('1601', '6', '895'),
('1602', '6', '896'),
('1603', '6', '897'),
('1604', '6', '898'),
('1605', '6', '899'),
('1606', '6', '900'),
('1607', '6', '901'),
('1608', '6', '902'),
('1609', '6', '903'),
('1610', '6', '904'),
('1611', '6', '905'),
('1612', '6', '906'),
('1613', '6', '907'),
('1614', '6', '908'),
('1615', '6', '909'),
('1616', '6', '910'),
('1617', '6', '911'),
('1618', '6', '912'),
('1619', '6', '913'),
('1620', '6', '914'),
('1621', '6', '915'),
('1622', '6', '916'),
('1623', '6', '917'),
('1624', '6', '918'),
('1625', '6', '919'),
('1626', '6', '920'),
('1627', '6', '921'),
('1628', '6', '922'),
('1629', '6', '923'),
('1630', '6', '924'),
('1631', '6', '925'),
('1632', '6', '926'),
('1633', '6', '927'),
('1634', '6', '928'),
('1635', '6', '929'),
('1636', '6', '930'),
('1637', '6', '931'),
('1638', '6', '932'),
('1639', '6', '933'),
('1640', '6', '934'),
('1641', '6', '935'),
('1642', '6', '936'),
('1643', '6', '937'),
('1644', '6', '938'),
('1645', '6', '939'),
('1646', '6', '940'),
('1647', '6', '941'),
('1648', '6', '942'),
('1649', '6', '943'),
('1650', '6', '944'),
('1651', '6', '945'),
('1652', '6', '946'),
('1653', '6', '947'),
('1654', '6', '948'),
('1655', '6', '949'),
('1656', '6', '950'),
('1657', '6', '951'),
('1658', '6', '952'),
('1659', '6', '953'),
('1660', '6', '954'),
('1661', '6', '955'),
('1662', '6', '956'),
('1663', '6', '957'),
('1664', '6', '958'),
('1665', '6', '959'),
('1666', '6', '960'),
('1667', '6', '961'),
('1668', '6', '962'),
('1669', '6', '963'),
('1670', '6', '964'),
('1671', '6', '965'),
('1672', '6', '966'),
('1673', '6', '967'),
('1674', '6', '968'),
('1675', '6', '969'),
('1676', '6', '970'),
('1677', '6', '971'),
('1678', '6', '972'),
('1679', '6', '973'),
('1680', '6', '974'),
('1681', '6', '975'),
('1682', '6', '976'),
('1683', '6', '977'),
('1684', '6', '978'),
('1685', '6', '979'),
('1686', '6', '980'),
('1687', '6', '981'),
('1688', '6', '982'),
('1689', '6', '983'),
('1690', '6', '984'),
('1691', '6', '985'),
('1692', '6', '986'),
('1693', '6', '987'),
('1694', '6', '988'),
('1695', '6', '989'),
('1696', '6', '990'),
('1697', '6', '991'),
('1698', '6', '992'),
('1699', '6', '993'),
('1700', '6', '994'),
('1701', '6', '995'),
('1702', '6', '996'),
('1703', '6', '997'),
('1704', '6', '998'),
('1705', '6', '999'),
('1706', '6', '1000'),
('1707', '7', '1'),
('1708', '7', '2'),
('1709', '7', '3'),
('1710', '7', '4'),
('1711', '7', '5'),
('1712', '7', '6'),
('1713', '7', '7'),
('1714', '7', '8'),
('1715', '7', '9'),
('1716', '7', '10'),
('1717', '7', '11'),
('1718', '7', '12'),
('1719', '7', '13'),
('1720', '7', '14'),
('1721', '7', '15'),
('1722', '7', '16'),
('1723', '7', '17'),
('1724', '7', '18'),
('1725', '7', '19'),
('1726', '7', '20'),
('1727', '7', '21'),
('1728', '7', '22'),
('1729', '7', '23'),
('1730', '7', '24'),
('1731', '7', '25'),
('1732', '7', '26'),
('1733', '7', '27'),
('1734', '7', '28'),
('1735', '7', '29'),
('1736', '7', '30'),
('1737', '7', '31'),
('1738', '7', '32'),
('1739', '7', '33'),
('1740', '7', '34'),
('1741', '7', '35'),
('1742', '7', '36'),
('1743', '7', '37'),
('1744', '7', '38'),
('1745', '7', '39'),
('1746', '7', '40'),
('1747', '7', '41'),
('1748', '7', '42'),
('1749', '7', '43'),
('1750', '7', '44'),
('1751', '7', '45'),
('1752', '7', '46'),
('1753', '7', '47'),
('1754', '7', '48'),
('1755', '7', '49'),
('1756', '7', '50'),
('1757', '7', '51'),
('1758', '7', '52'),
('1759', '7', '53'),
('1760', '7', '54'),
('1761', '7', '55'),
('1762', '7', '56'),
('1763', '7', '57'),
('1764', '7', '58'),
('1765', '7', '59'),
('1766', '7', '60'),
('1767', '7', '61'),
('1768', '7', '62'),
('1769', '7', '63'),
('1770', '7', '64'),
('1771', '7', '65'),
('1772', '7', '66'),
('1773', '7', '67'),
('1774', '7', '68'),
('1775', '7', '69'),
('1776', '7', '70'),
('1777', '7', '71'),
('1778', '7', '72'),
('1779', '7', '73'),
('1780', '7', '74'),
('1781', '7', '75'),
('1782', '7', '76'),
('1783', '7', '77'),
('1784', '7', '78'),
('1785', '7', '79'),
('1786', '7', '80'),
('1787', '7', '81'),
('1788', '7', '82'),
('1789', '7', '83'),
('1790', '7', '84'),
('1791', '7', '85'),
('1792', '7', '86'),
('1793', '7', '87'),
('1794', '7', '88'),
('1795', '7', '89'),
('1796', '7', '90'),
('1797', '7', '91'),
('1798', '7', '92'),
('1799', '7', '93'),
('1800', '7', '94'),
('1801', '7', '95'),
('1802', '7', '96'),
('1803', '7', '97'),
('1804', '7', '98'),
('1805', '7', '99'),
('1806', '7', '100'),
('1807', '7', '101'),
('1808', '7', '102'),
('1809', '7', '103'),
('1810', '7', '104'),
('1811', '7', '105'),
('1812', '7', '106'),
('1813', '7', '107'),
('1814', '7', '108'),
('1815', '7', '109'),
('1816', '7', '110'),
('1817', '7', '111'),
('1818', '7', '112'),
('1819', '7', '113'),
('1820', '7', '114'),
('1821', '7', '115'),
('1822', '7', '116'),
('1823', '7', '117'),
('1824', '7', '118'),
('1825', '7', '119'),
('1826', '7', '120'),
('1827', '7', '121'),
('1828', '7', '122'),
('1829', '7', '123'),
('1830', '7', '124'),
('1831', '7', '125'),
('1832', '7', '126'),
('1833', '7', '127'),
('1834', '7', '128'),
('1835', '7', '129'),
('1836', '7', '130'),
('1837', '7', '131'),
('1838', '7', '132'),
('1839', '7', '133'),
('1840', '7', '134'),
('1841', '7', '135'),
('1842', '7', '136'),
('1843', '7', '137'),
('1844', '7', '138'),
('1845', '7', '139'),
('1846', '7', '140'),
('1847', '7', '141'),
('1848', '7', '142'),
('1849', '7', '143'),
('1850', '7', '144'),
('1851', '7', '145'),
('1852', '7', '146'),
('1853', '7', '147'),
('1854', '7', '148'),
('1855', '7', '149'),
('1856', '7', '150'),
('1857', '7', '151'),
('1858', '7', '152'),
('1859', '7', '153'),
('1860', '7', '154'),
('1861', '7', '155'),
('1862', '7', '156'),
('1863', '7', '157'),
('1864', '7', '158'),
('1865', '7', '159'),
('1866', '7', '160'),
('1867', '7', '161'),
('1868', '7', '162'),
('1869', '7', '163'),
('1870', '7', '164'),
('1871', '7', '165'),
('1872', '7', '166'),
('1873', '7', '167'),
('1874', '7', '168'),
('1875', '7', '169'),
('1876', '7', '170'),
('1877', '7', '171'),
('1878', '7', '172'),
('1879', '7', '173'),
('1880', '7', '174'),
('1881', '7', '175'),
('1882', '7', '176'),
('1883', '7', '177'),
('1884', '7', '178'),
('1885', '7', '179'),
('1886', '7', '180'),
('1887', '7', '181'),
('1888', '7', '182'),
('1889', '7', '183'),
('1890', '7', '184'),
('1891', '7', '185'),
('1892', '7', '186'),
('1893', '7', '187'),
('1894', '7', '188'),
('1895', '7', '189'),
('1896', '7', '190'),
('1897', '7', '191'),
('1898', '7', '192'),
('1899', '7', '193'),
('1900', '7', '194'),
('1901', '7', '195'),
('1902', '7', '196'),
('1903', '7', '197'),
('1904', '7', '198'),
('1905', '7', '199'),
('1906', '7', '200'),
('1907', '7', '201'),
('1908', '7', '202'),
('1909', '7', '203'),
('1910', '7', '204'),
('1911', '7', '205'),
('1912', '7', '206'),
('1913', '7', '207'),
('1914', '7', '208'),
('1915', '7', '209'),
('1916', '7', '210'),
('1917', '7', '211'),
('1918', '7', '212'),
('1919', '7', '213'),
('1920', '7', '214'),
('1921', '7', '215'),
('1922', '7', '216'),
('1923', '7', '217'),
('1924', '7', '218'),
('1925', '7', '219'),
('1926', '7', '220'),
('1927', '7', '221'),
('1928', '7', '222'),
('1929', '7', '223'),
('1930', '7', '224'),
('1931', '7', '225'),
('1932', '7', '226'),
('1933', '7', '227'),
('1934', '7', '228'),
('1935', '7', '229'),
('1936', '7', '230'),
('1937', '7', '231'),
('1938', '7', '232'),
('1939', '7', '233'),
('1940', '7', '234'),
('1941', '7', '235'),
('1942', '7', '236'),
('1943', '7', '237'),
('1944', '7', '238'),
('1945', '7', '239'),
('1946', '7', '240'),
('1947', '7', '241'),
('1948', '7', '242'),
('1949', '7', '243'),
('1950', '7', '244'),
('1951', '7', '245'),
('1952', '7', '246'),
('1953', '7', '247'),
('1954', '7', '248'),
('1955', '7', '249'),
('1956', '7', '250'),
('1957', '7', '251'),
('1958', '7', '252'),
('1959', '7', '253'),
('1960', '7', '254'),
('1961', '7', '255'),
('1962', '7', '256'),
('1963', '7', '257'),
('1964', '7', '258'),
('1965', '7', '259'),
('1966', '7', '260'),
('1967', '7', '261'),
('1968', '7', '262'),
('1969', '7', '263'),
('1970', '7', '264'),
('1971', '7', '265'),
('1972', '7', '266'),
('1973', '7', '267'),
('1974', '7', '268'),
('1975', '7', '269'),
('1976', '7', '270'),
('1977', '7', '271'),
('1978', '7', '272'),
('1979', '7', '273'),
('1980', '7', '274'),
('1981', '7', '275'),
('1982', '7', '276'),
('1983', '7', '277'),
('1984', '7', '278'),
('1985', '7', '279'),
('1986', '7', '280'),
('1987', '7', '281'),
('1988', '7', '282'),
('1989', '7', '283'),
('1990', '7', '284'),
('1991', '7', '285'),
('1992', '7', '286'),
('1993', '7', '287'),
('1994', '7', '288'),
('1995', '7', '289'),
('1996', '7', '290'),
('1997', '7', '291'),
('1998', '7', '292'),
('1999', '7', '293'),
('2000', '7', '294'),
('2001', '7', '295'),
('2002', '7', '296'),
('2003', '7', '297'),
('2004', '7', '298'),
('2005', '7', '299'),
('2006', '7', '300'),
('2007', '7', '301'),
('2008', '7', '302'),
('2009', '7', '303'),
('2010', '7', '304'),
('2011', '7', '305'),
('2012', '7', '306'),
('2013', '7', '307'),
('2014', '7', '308'),
('2015', '7', '309'),
('2016', '7', '310'),
('2017', '7', '311'),
('2018', '7', '312'),
('2019', '7', '313'),
('2020', '7', '314'),
('2021', '7', '315'),
('2022', '7', '316'),
('2023', '7', '317'),
('2024', '7', '318'),
('2025', '7', '319'),
('2026', '7', '320'),
('2027', '7', '321'),
('2028', '7', '322'),
('2029', '7', '323'),
('2030', '7', '324'),
('2031', '7', '325'),
('2032', '7', '326'),
('2033', '7', '327'),
('2034', '7', '328'),
('2035', '7', '329'),
('2036', '7', '330'),
('2037', '7', '331'),
('2038', '7', '332'),
('2039', '7', '333'),
('2040', '7', '334'),
('2041', '7', '335'),
('2042', '7', '336'),
('2043', '7', '337'),
('2044', '7', '338'),
('2045', '7', '339'),
('2046', '7', '340'),
('2047', '7', '341'),
('2048', '7', '342'),
('2049', '7', '343'),
('2050', '7', '344'),
('2051', '7', '345'),
('2052', '7', '346'),
('2053', '7', '347'),
('2054', '7', '348'),
('2055', '7', '349'),
('2056', '7', '350'),
('2057', '7', '351'),
('2058', '7', '352'),
('2059', '7', '353'),
('2060', '7', '354'),
('2061', '7', '355'),
('2062', '7', '356'),
('2063', '7', '357'),
('2064', '7', '358'),
('2065', '7', '359'),
('2066', '7', '360'),
('2067', '7', '361'),
('2068', '7', '362'),
('2069', '7', '363'),
('2070', '7', '364'),
('2071', '7', '365'),
('2072', '7', '366'),
('2073', '7', '367'),
('2074', '7', '368'),
('2075', '7', '369'),
('2076', '7', '370'),
('2077', '7', '371'),
('2078', '7', '372'),
('2079', '7', '373'),
('2080', '7', '374'),
('2081', '7', '375'),
('2082', '7', '376'),
('2083', '7', '377'),
('2084', '7', '378'),
('2085', '7', '379'),
('2086', '7', '380'),
('2087', '7', '381'),
('2088', '7', '382'),
('2089', '7', '383'),
('2090', '7', '384'),
('2091', '7', '385'),
('2092', '7', '386'),
('2093', '7', '387'),
('2094', '7', '388'),
('2095', '7', '389'),
('2096', '7', '390'),
('2097', '7', '391'),
('2098', '7', '392'),
('2099', '7', '393'),
('2100', '7', '394'),
('2101', '7', '395'),
('2102', '7', '396'),
('2103', '7', '397'),
('2104', '7', '398'),
('2105', '7', '399'),
('2106', '7', '400'),
('2107', '7', '401'),
('2108', '7', '402'),
('2109', '7', '403'),
('2110', '7', '404'),
('2111', '7', '405'),
('2112', '7', '406'),
('2113', '7', '407'),
('2114', '7', '408'),
('2115', '7', '409'),
('2116', '7', '410'),
('2117', '7', '411'),
('2118', '7', '412'),
('2119', '7', '413'),
('2120', '7', '414'),
('2121', '7', '415'),
('2122', '7', '416'),
('2123', '7', '417'),
('2124', '7', '418'),
('2125', '7', '419'),
('2126', '7', '420'),
('2127', '7', '421'),
('2128', '7', '422'),
('2129', '7', '423'),
('2130', '7', '424'),
('2131', '7', '425'),
('2132', '7', '426'),
('2133', '7', '427'),
('2134', '7', '428'),
('2135', '7', '429'),
('2136', '7', '430'),
('2137', '7', '431'),
('2138', '7', '432'),
('2139', '7', '433'),
('2140', '7', '434'),
('2141', '7', '435'),
('2142', '7', '436'),
('2143', '7', '437'),
('2144', '7', '438'),
('2145', '7', '439'),
('2146', '7', '440'),
('2147', '7', '441'),
('2148', '7', '442'),
('2149', '7', '443'),
('2150', '7', '444'),
('2151', '7', '445'),
('2152', '7', '446'),
('2153', '7', '447'),
('2154', '7', '448'),
('2155', '7', '449'),
('2156', '7', '450'),
('2157', '7', '451'),
('2158', '7', '452'),
('2159', '7', '453'),
('2160', '7', '454'),
('2161', '7', '455'),
('2162', '7', '456'),
('2163', '7', '457'),
('2164', '7', '458'),
('2165', '7', '459'),
('2166', '7', '460'),
('2167', '7', '461'),
('2168', '7', '462'),
('2169', '7', '463'),
('2170', '7', '464'),
('2171', '7', '465'),
('2172', '7', '466'),
('2173', '7', '467'),
('2174', '7', '468'),
('2175', '7', '469'),
('2176', '7', '470'),
('2177', '7', '471'),
('2178', '7', '472'),
('2179', '7', '473'),
('2180', '7', '474'),
('2181', '7', '475'),
('2182', '7', '476'),
('2183', '7', '477'),
('2184', '7', '478'),
('2185', '7', '479'),
('2186', '7', '480'),
('2187', '7', '481'),
('2188', '7', '482'),
('2189', '7', '483'),
('2190', '7', '484'),
('2191', '7', '485'),
('2192', '7', '486'),
('2193', '7', '487'),
('2194', '7', '488'),
('2195', '7', '489'),
('2196', '7', '490'),
('2197', '7', '491'),
('2198', '7', '492'),
('2199', '7', '493'),
('2200', '7', '494'),
('2201', '7', '495'),
('2202', '7', '496'),
('2203', '7', '497'),
('2204', '7', '498'),
('2205', '7', '499'),
('2206', '7', '500'),
('2207', '7', '501'),
('2208', '7', '502'),
('2209', '7', '503'),
('2210', '7', '504'),
('2211', '7', '505'),
('2212', '7', '506'),
('2213', '7', '507'),
('2214', '7', '508'),
('2215', '7', '509'),
('2216', '7', '510'),
('2217', '7', '511'),
('2218', '7', '512'),
('2219', '7', '513'),
('2220', '7', '514'),
('2221', '7', '515'),
('2222', '7', '516'),
('2223', '7', '517'),
('2224', '7', '518'),
('2225', '7', '519'),
('2226', '7', '520'),
('2227', '7', '521'),
('2228', '7', '522'),
('2229', '7', '523'),
('2230', '7', '524'),
('2231', '7', '525'),
('2232', '7', '526'),
('2233', '7', '527'),
('2234', '7', '528'),
('2235', '7', '529'),
('2236', '7', '530'),
('2237', '7', '531'),
('2238', '7', '532'),
('2239', '7', '533'),
('2240', '7', '534'),
('2241', '7', '535'),
('2242', '7', '536'),
('2243', '7', '537'),
('2244', '7', '538'),
('2245', '7', '539'),
('2246', '7', '540'),
('2247', '7', '541'),
('2248', '7', '542'),
('2249', '7', '543'),
('2250', '7', '544'),
('2251', '7', '545'),
('2252', '7', '546'),
('2253', '7', '547'),
('2254', '7', '548'),
('2255', '7', '549'),
('2256', '7', '550'),
('2257', '7', '551'),
('2258', '7', '552'),
('2259', '7', '553'),
('2260', '7', '554'),
('2261', '7', '555'),
('2262', '7', '556'),
('2263', '7', '557'),
('2264', '7', '558'),
('2265', '7', '559'),
('2266', '7', '560'),
('2267', '7', '561'),
('2268', '7', '562'),
('2269', '7', '563'),
('2270', '7', '564'),
('2271', '7', '565'),
('2272', '7', '566'),
('2273', '7', '567'),
('2274', '7', '568'),
('2275', '7', '569'),
('2276', '7', '570'),
('2277', '7', '571'),
('2278', '7', '572'),
('2279', '7', '573'),
('2280', '7', '574'),
('2281', '7', '575'),
('2282', '7', '576'),
('2283', '7', '577'),
('2284', '7', '578'),
('2285', '7', '579'),
('2286', '7', '580'),
('2287', '7', '581'),
('2288', '7', '582'),
('2289', '7', '583'),
('2290', '7', '584'),
('2291', '7', '585'),
('2292', '7', '586'),
('2293', '7', '587'),
('2294', '7', '588'),
('2295', '7', '589'),
('2296', '7', '590'),
('2297', '7', '591'),
('2298', '7', '592'),
('2299', '7', '593'),
('2300', '7', '594'),
('2301', '7', '595'),
('2302', '7', '596'),
('2303', '7', '597'),
('2304', '7', '598'),
('2305', '7', '599'),
('2306', '7', '600'),
('2307', '7', '601'),
('2308', '7', '602'),
('2309', '7', '603'),
('2310', '7', '604'),
('2311', '7', '605'),
('2312', '7', '606'),
('2313', '7', '607'),
('2314', '7', '608'),
('2315', '7', '609'),
('2316', '7', '610'),
('2317', '7', '611'),
('2318', '7', '612'),
('2319', '7', '613'),
('2320', '7', '614'),
('2321', '7', '615'),
('2322', '7', '616'),
('2323', '7', '617'),
('2324', '7', '618'),
('2325', '7', '619'),
('2326', '7', '620'),
('2327', '7', '621'),
('2328', '7', '622'),
('2329', '7', '623'),
('2330', '7', '624'),
('2331', '7', '625'),
('2332', '7', '626'),
('2333', '7', '627'),
('2334', '7', '628'),
('2335', '7', '629'),
('2336', '7', '630'),
('2337', '7', '631'),
('2338', '7', '632'),
('2339', '7', '633'),
('2340', '7', '634'),
('2341', '7', '635'),
('2342', '7', '636'),
('2343', '7', '637'),
('2344', '7', '638'),
('2345', '7', '639'),
('2346', '7', '640'),
('2347', '7', '641'),
('2348', '7', '642'),
('2349', '7', '643'),
('2350', '7', '644'),
('2351', '7', '645'),
('2352', '7', '646'),
('2353', '7', '647'),
('2354', '7', '648'),
('2355', '7', '649'),
('2356', '7', '650'),
('2357', '7', '651'),
('2358', '7', '652'),
('2359', '7', '653'),
('2360', '7', '654'),
('2361', '7', '655'),
('2362', '7', '656'),
('2363', '7', '657'),
('2364', '7', '658'),
('2365', '7', '659'),
('2366', '7', '660'),
('2367', '7', '661'),
('2368', '7', '662'),
('2369', '7', '663'),
('2370', '7', '664'),
('2371', '7', '665'),
('2372', '7', '666'),
('2373', '7', '667'),
('2374', '7', '668'),
('2375', '7', '669'),
('2376', '7', '670'),
('2377', '7', '671'),
('2378', '7', '672'),
('2379', '7', '673'),
('2380', '7', '674'),
('2381', '7', '675'),
('2382', '7', '676'),
('2383', '7', '677'),
('2384', '7', '678'),
('2385', '7', '679'),
('2386', '7', '680'),
('2387', '7', '681'),
('2388', '7', '682'),
('2389', '7', '683'),
('2390', '7', '684'),
('2391', '7', '685'),
('2392', '7', '686'),
('2393', '7', '687'),
('2394', '7', '688'),
('2395', '7', '689'),
('2396', '7', '690'),
('2397', '7', '691'),
('2398', '7', '692'),
('2399', '7', '693'),
('2400', '7', '694'),
('2401', '7', '695'),
('2402', '7', '696'),
('2403', '7', '697'),
('2404', '7', '698'),
('2405', '7', '699'),
('2406', '7', '700'),
('2407', '7', '701'),
('2408', '7', '702'),
('2409', '7', '703'),
('2410', '7', '704'),
('2411', '7', '705'),
('2412', '7', '706'),
('2413', '7', '707'),
('2414', '7', '708'),
('2415', '7', '709'),
('2416', '7', '710'),
('2417', '7', '711'),
('2418', '7', '712'),
('2419', '7', '713'),
('2420', '7', '714'),
('2421', '7', '715'),
('2422', '7', '716'),
('2423', '7', '717'),
('2424', '7', '718'),
('2425', '7', '719'),
('2426', '7', '720'),
('2427', '7', '721'),
('2428', '7', '722'),
('2429', '7', '723'),
('2430', '7', '724'),
('2431', '7', '725'),
('2432', '7', '726'),
('2433', '7', '727'),
('2434', '7', '728'),
('2435', '7', '729'),
('2436', '7', '730'),
('2437', '7', '731'),
('2438', '7', '732'),
('2439', '7', '733'),
('2440', '7', '734'),
('2441', '7', '735'),
('2442', '7', '736'),
('2443', '7', '737'),
('2444', '7', '738'),
('2445', '7', '739'),
('2446', '7', '740'),
('2447', '7', '741'),
('2448', '7', '742'),
('2449', '7', '743'),
('2450', '7', '744'),
('2451', '7', '745'),
('2452', '7', '746'),
('2453', '7', '747'),
('2454', '7', '748'),
('2455', '7', '749'),
('2456', '7', '750'),
('2457', '7', '751'),
('2458', '7', '752'),
('2459', '7', '753'),
('2460', '7', '754'),
('2461', '7', '755'),
('2462', '7', '756'),
('2463', '7', '757'),
('2464', '7', '758'),
('2465', '7', '759'),
('2466', '7', '760'),
('2467', '7', '761'),
('2468', '7', '762'),
('2469', '7', '763'),
('2470', '7', '764'),
('2471', '7', '765'),
('2472', '7', '766'),
('2473', '7', '767'),
('2474', '7', '768'),
('2475', '7', '769'),
('2476', '7', '770'),
('2477', '7', '771'),
('2478', '7', '772'),
('2479', '7', '773'),
('2480', '7', '774'),
('2481', '7', '775'),
('2482', '7', '776'),
('2483', '7', '777'),
('2484', '7', '778'),
('2485', '7', '779'),
('2486', '7', '780'),
('2487', '7', '781'),
('2488', '7', '782'),
('2489', '7', '783'),
('2490', '7', '784'),
('2491', '7', '785'),
('2492', '7', '786'),
('2493', '7', '787'),
('2494', '7', '788'),
('2495', '7', '789'),
('2496', '7', '790'),
('2497', '7', '791'),
('2498', '7', '792'),
('2499', '7', '793'),
('2500', '7', '794'),
('2501', '7', '795'),
('2502', '7', '796'),
('2503', '7', '797'),
('2504', '7', '798'),
('2505', '7', '799'),
('2506', '7', '800'),
('2507', '7', '801'),
('2508', '7', '802'),
('2509', '7', '803'),
('2510', '7', '804'),
('2511', '7', '805'),
('2512', '7', '806'),
('2513', '7', '807'),
('2514', '7', '808'),
('2515', '7', '809'),
('2516', '7', '810'),
('2517', '7', '811'),
('2518', '7', '812'),
('2519', '7', '813'),
('2520', '7', '814'),
('2521', '7', '815'),
('2522', '7', '816'),
('2523', '7', '817'),
('2524', '7', '818'),
('2525', '7', '819'),
('2526', '7', '820'),
('2527', '7', '821'),
('2528', '7', '822'),
('2529', '7', '823'),
('2530', '7', '824'),
('2531', '7', '825'),
('2532', '7', '826'),
('2533', '7', '827'),
('2534', '7', '828'),
('2535', '7', '829'),
('2536', '7', '830'),
('2537', '7', '831'),
('2538', '7', '832'),
('2539', '7', '833'),
('2540', '7', '834'),
('2541', '7', '835'),
('2542', '7', '836'),
('2543', '7', '837'),
('2544', '7', '838'),
('2545', '7', '839'),
('2546', '7', '840'),
('2547', '7', '841'),
('2548', '7', '842'),
('2549', '7', '843'),
('2550', '7', '844'),
('2551', '7', '845'),
('2552', '7', '846'),
('2553', '7', '847'),
('2554', '7', '848'),
('2555', '7', '849'),
('2556', '7', '850'),
('2557', '7', '851'),
('2558', '7', '852'),
('2559', '7', '853'),
('2560', '7', '854'),
('2561', '7', '855'),
('2562', '7', '856'),
('2563', '7', '857'),
('2564', '7', '858'),
('2565', '7', '859'),
('2566', '7', '860'),
('2567', '7', '861'),
('2568', '7', '862'),
('2569', '7', '863'),
('2570', '7', '864'),
('2571', '7', '865'),
('2572', '7', '866'),
('2573', '7', '867'),
('2574', '7', '868'),
('2575', '7', '869'),
('2576', '7', '870'),
('2577', '7', '871'),
('2578', '7', '872'),
('2579', '7', '873'),
('2580', '7', '874'),
('2581', '7', '875'),
('2582', '7', '876'),
('2583', '7', '877'),
('2584', '7', '878'),
('2585', '7', '879'),
('2586', '7', '880'),
('2587', '7', '881'),
('2588', '7', '882'),
('2589', '7', '883'),
('2590', '7', '884'),
('2591', '7', '885'),
('2592', '7', '886'),
('2593', '7', '887'),
('2594', '7', '888'),
('2595', '7', '889'),
('2596', '7', '890'),
('2597', '7', '891'),
('2598', '7', '892'),
('2599', '7', '893'),
('2600', '7', '894'),
('2601', '7', '895'),
('2602', '7', '896'),
('2603', '7', '897'),
('2604', '7', '898'),
('2605', '7', '899'),
('2606', '7', '900'),
('2607', '7', '901'),
('2608', '7', '902'),
('2609', '7', '903'),
('2610', '7', '904'),
('2611', '7', '905'),
('2612', '7', '906'),
('2613', '7', '907'),
('2614', '7', '908'),
('2615', '7', '909'),
('2616', '7', '910'),
('2617', '7', '911'),
('2618', '7', '912'),
('2619', '7', '913'),
('2620', '7', '914'),
('2621', '7', '915'),
('2622', '7', '916'),
('2623', '7', '917'),
('2624', '7', '918'),
('2625', '7', '919'),
('2626', '7', '920'),
('2627', '7', '921'),
('2628', '7', '922'),
('2629', '7', '923'),
('2630', '7', '924'),
('2631', '7', '925'),
('2632', '7', '926'),
('2633', '7', '927'),
('2634', '7', '928'),
('2635', '7', '929'),
('2636', '7', '930'),
('2637', '7', '931'),
('2638', '7', '932'),
('2639', '7', '933'),
('2640', '7', '934'),
('2641', '7', '935'),
('2642', '7', '936'),
('2643', '7', '937'),
('2644', '7', '938'),
('2645', '7', '939'),
('2646', '7', '940'),
('2647', '7', '941'),
('2648', '7', '942'),
('2649', '7', '943'),
('2650', '7', '944'),
('2651', '7', '945'),
('2652', '7', '946'),
('2653', '7', '947'),
('2654', '7', '948'),
('2655', '7', '949'),
('2656', '7', '950'),
('2657', '7', '951'),
('2658', '7', '952'),
('2659', '7', '953'),
('2660', '7', '954'),
('2661', '7', '955'),
('2662', '7', '956'),
('2663', '7', '957'),
('2664', '7', '958'),
('2665', '7', '959'),
('2666', '7', '960'),
('2667', '7', '961'),
('2668', '7', '962'),
('2669', '7', '963'),
('2670', '7', '964'),
('2671', '7', '965'),
('2672', '7', '966'),
('2673', '7', '967'),
('2674', '7', '968'),
('2675', '7', '969'),
('2676', '7', '970'),
('2677', '7', '971'),
('2678', '7', '972'),
('2679', '7', '973'),
('2680', '7', '974'),
('2681', '7', '975'),
('2682', '7', '976'),
('2683', '7', '977'),
('2684', '7', '978'),
('2685', '7', '979'),
('2686', '7', '980'),
('2687', '7', '981'),
('2688', '7', '982'),
('2689', '7', '983'),
('2690', '7', '984'),
('2691', '7', '985'),
('2692', '7', '986'),
('2693', '7', '987'),
('2694', '7', '988'),
('2695', '7', '989'),
('2696', '7', '990'),
('2697', '7', '991'),
('2698', '7', '992'),
('2699', '7', '993'),
('2700', '7', '994'),
('2701', '7', '995'),
('2702', '7', '996'),
('2703', '7', '997'),
('2704', '7', '998'),
('2705', '7', '999'),
('2706', '7', '1000');

-- Carga tabla telefono_asistente
INSERT INTO telefono_asistente(id_telefono_asistente, numero_telefono, id_asistente) VALUES 
('1','+34610730688','1'),
('2','+34610582056','2'),
('3','+34610458728','3'),
('4','+34610704419','4'),
('5','+34610211365','5'),
('6','+34610284878','6'),
('7','+34610715191','7'),
('8','+34610335041','8'),
('9','+34610593498','9'),
('10','+34610215905','10'),
('11','+34610801264','11'),
('12','+34610650283','12'),
('13','+34610167099','13'),
('14','+34610342053','14'),
('15','+34610661530','15'),
('16','+34610720884','16'),
('17','+34610897883','17'),
('18','+34610755078','18'),
('19','+34610492037','19'),
('20','+34610879598','20'),
('21','+34610155311','21'),
('22','+34610351624','22'),
('23','+34610660743','23'),
('24','+34610239418','24'),
('25','+34610897908','25'),
('26','+34610290159','26'),
('27','+34610302652','27'),
('28','+34610900225','28'),
('29','+34610171202','29'),
('30','+34610390948','30'),
('31','+34610921717','31'),
('32','+34610917230','32'),
('33','+34610352372','33'),
('34','+34610408166','34'),
('35','+34610502560','35'),
('36','+34610871910','36'),
('37','+34610666492','37'),
('38','+34610645555','38'),
('39','+34610365435','39'),
('40','+34610123200','40'),
('41','+34610867809','41'),
('42','+34610692195','42'),
('43','+34610665166','43'),
('44','+34610654764','44'),
('45','+34610617625','45'),
('46','+34610669497','46'),
('47','+34610418747','47'),
('48','+34610309145','48'),
('49','+34610672211','49'),
('50','+34610487563','50'),
('51','+34610947139','51'),
('52','+34610317738','52'),
('53','+34610346529','53'),
('54','+34610764627','54'),
('55','+34610637311','55'),
('56','+34610212457','56'),
('57','+34610599285','57'),
('58','+34610813572','58'),
('59','+34610735151','59'),
('60','+34610832336','60'),
('61','+34610667015','61'),
('62','+34610750275','62'),
('63','+34610393372','63'),
('64','+34610627534','64'),
('65','+34610958883','65'),
('66','+34610253930','66'),
('67','+34610172172','67'),
('68','+34610376352','68'),
('69','+34610136813','69'),
('70','+34610308559','70'),
('71','+34610934218','71'),
('72','+34610583007','72'),
('73','+34610332778','73'),
('74','+34610470027','74'),
('75','+34610331695','75'),
('76','+34610177366','76'),
('77','+34610155064','77'),
('78','+34610122903','78'),
('79','+34610823930','79'),
('80','+34610790237','80'),
('81','+34610231484','81'),
('82','+34610984326','82'),
('83','+34610953446','83'),
('84','+34610994548','84'),
('85','+34610441520','85'),
('86','+34610718655','86'),
('87','+34610533203','87'),
('88','+34610843884','88'),
('89','+34610897931','89'),
('90','+34610157779','90'),
('91','+34610881486','91'),
('92','+34610143380','92'),
('93','+34610348058','93'),
('94','+34610132706','94'),
('95','+34610702035','95'),
('96','+34610544119','96'),
('97','+34610420723','97'),
('98','+34610533418','98'),
('99','+34610785316','99'),
('100','+34610553272','100'),
('101','+34610419018','101'),
('102','+34610157597','102'),
('103','+34610580976','103'),
('104','+34610560733','104'),
('105','+34610719596','105'),
('106','+34610652512','106'),
('107','+34610723040','107'),
('108','+34610808381','108'),
('109','+34610678419','109'),
('110','+34610786976','110'),
('111','+34610165693','111'),
('112','+34610351845','112'),
('113','+34610651571','113'),
('114','+34610143539','114'),
('115','+34610479914','115'),
('116','+34610687836','116'),
('117','+34610873666','117'),
('118','+34610895710','118'),
('119','+34610804835','119'),
('120','+34610352986','120'),
('121','+34610259029','121'),
('122','+34610663225','122'),
('123','+34610438437','123'),
('124','+34610781798','124'),
('125','+34610234484','125'),
('126','+34610766251','126'),
('127','+34610156341','127'),
('128','+34610330541','128'),
('129','+34610379744','129'),
('130','+34610592583','130'),
('131','+34610819566','131'),
('132','+34610858897','132'),
('133','+34610634279','133'),
('134','+34610184982','134'),
('135','+34610674904','135'),
('136','+34610209869','136'),
('137','+34610852253','137'),
('138','+34610247424','138'),
('139','+34610861095','139'),
('140','+34610457568','140'),
('141','+34610605565','141'),
('142','+34610196706','142'),
('143','+34610237040','143'),
('144','+34610935387','144'),
('145','+34610498973','145'),
('146','+34610145052','146'),
('147','+34610939043','147'),
('148','+34610139959','148'),
('149','+34610579116','149'),
('150','+34610935206','150'),
('151','+34610427457','151'),
('152','+34610724948','152'),
('153','+34610211801','153'),
('154','+34610267831','154'),
('155','+34610441211','155'),
('156','+34610463048','156'),
('157','+34610643898','157'),
('158','+34610729777','158'),
('159','+34610507706','159'),
('160','+34610775266','160'),
('161','+34610238283','161'),
('162','+34610324569','162'),
('163','+34610707584','163'),
('164','+34610400641','164'),
('165','+34610848398','165'),
('166','+34610595711','166'),
('167','+34610563374','167'),
('168','+34610442421','168'),
('169','+34610782405','169'),
('170','+34610923736','170'),
('171','+34610942489','171'),
('172','+34610172920','172'),
('173','+34610235266','173'),
('174','+34610243218','174'),
('175','+34610869833','175'),
('176','+34610487996','176'),
('177','+34610755844','177'),
('178','+34610765172','178'),
('179','+34610131881','179'),
('180','+34610233221','180'),
('181','+34610389747','181'),
('182','+34610769481','182'),
('183','+34610752817','183'),
('184','+34610858466','184'),
('185','+34610989708','185'),
('186','+34610591170','186'),
('187','+34610868397','187'),
('188','+34610569756','188'),
('189','+34610644722','189'),
('190','+34610151814','190'),
('191','+34610796794','191'),
('192','+34610418588','192'),
('193','+34610626205','193'),
('194','+34610467153','194'),
('195','+34610973966','195'),
('196','+34610625615','196'),
('197','+34610596701','197'),
('198','+34610259549','198'),
('199','+34610308920','199'),
('200','+34610837361','200'),
('201','+34610508779','201'),
('202','+34610572353','202'),
('203','+34610936467','203'),
('204','+34610106073','204'),
('205','+34610891153','205'),
('206','+34610477733','206'),
('207','+34610752149','207'),
('208','+34610655978','208'),
('209','+34610103608','209'),
('210','+34610153928','210'),
('211','+34610180289','211'),
('212','+34610745082','212'),
('213','+34610946528','213'),
('214','+34610780559','214'),
('215','+34610580950','215'),
('216','+34610796103','216'),
('217','+34610684804','217'),
('218','+34610551418','218'),
('219','+34610494905','219'),
('220','+34610387987','220'),
('221','+34610335538','221'),
('222','+34610202139','222'),
('223','+34610250512','223'),
('224','+34610797515','224'),
('225','+34610962522','225'),
('226','+34610788109','226'),
('227','+34610178854','227'),
('228','+34610129601','228'),
('229','+34610690067','229'),
('230','+34610835189','230'),
('231','+34610864945','231'),
('232','+34610129958','232'),
('233','+34610285077','233'),
('234','+34610462092','234'),
('235','+34610579820','235'),
('236','+34610414392','236'),
('237','+34610324787','237'),
('238','+34610306236','238'),
('239','+34610960251','239'),
('240','+34610477400','240'),
('241','+34610384117','241'),
('242','+34610804715','242'),
('243','+34610751556','243'),
('244','+34610549817','244'),
('245','+34610173746','245'),
('246','+34610256300','246'),
('247','+34610307042','247'),
('248','+34610804316','248'),
('249','+34610883605','249'),
('250','+34610194234','250'),
('251','+34610338106','251'),
('252','+34610198312','252'),
('253','+34610814558','253'),
('254','+34610363732','254'),
('255','+34610328647','255'),
('256','+34610561057','256'),
('257','+34610508885','257'),
('258','+34610154376','258'),
('259','+34610828312','259'),
('260','+34610564119','260'),
('261','+34610775159','261'),
('262','+34610459411','262'),
('263','+34610776849','263'),
('264','+34610871051','264'),
('265','+34610859620','265'),
('266','+34610545144','266'),
('267','+34610229729','267'),
('268','+34610704414','268'),
('269','+34610335498','269'),
('270','+34610488772','270'),
('271','+34610288515','271'),
('272','+34610878316','272'),
('273','+34610721523','273'),
('274','+34610623972','274'),
('275','+34610484505','275'),
('276','+34610329391','276'),
('277','+34610797831','277'),
('278','+34610372621','278'),
('279','+34610171419','279'),
('280','+34610229536','280'),
('281','+34610619268','281'),
('282','+34610692957','282'),
('283','+34610314983','283'),
('284','+34610342304','284'),
('285','+34610239078','285'),
('286','+34610856316','286'),
('287','+34610859417','287'),
('288','+34610170779','288'),
('289','+34610700446','289'),
('290','+34610958867','290'),
('291','+34610862981','291'),
('292','+34610763677','292'),
('293','+34610421630','293'),
('294','+34610859823','294'),
('295','+34610550804','295'),
('296','+34610153777','296'),
('297','+34610645637','297'),
('298','+34610189253','298'),
('299','+34610623594','299'),
('300','+34610571003','300'),
('301','+34610574765','301'),
('302','+34610318141','302'),
('303','+34610615077','303'),
('304','+34610605424','304'),
('305','+34610703746','305'),
('306','+34610882002','306'),
('307','+34610721584','307'),
('308','+34610505017','308'),
('309','+34610282909','309'),
('310','+34610138465','310'),
('311','+34610841309','311'),
('312','+34610289119','312'),
('313','+34610722229','313'),
('314','+34610762300','314'),
('315','+34610702635','315'),
('316','+34610255158','316'),
('317','+34610732147','317'),
('318','+34610377353','318'),
('319','+34610403083','319'),
('320','+34610836905','320'),
('321','+34610110665','321'),
('322','+34610718109','322'),
('323','+34610155306','323'),
('324','+34610890763','324'),
('325','+34610962572','325'),
('326','+34610550433','326'),
('327','+34610168785','327'),
('328','+34610380117','328'),
('329','+34610774060','329'),
('330','+34610281949','330'),
('331','+34610574474','331'),
('332','+34610829637','332'),
('333','+34610399468','333'),
('334','+34610222958','334'),
('335','+34610932855','335'),
('336','+34610721749','336'),
('337','+34610407555','337'),
('338','+34610554751','338'),
('339','+34610301058','339'),
('340','+34610379467','340'),
('341','+34610318785','341'),
('342','+34610731267','342'),
('343','+34610933150','343'),
('344','+34610961633','344'),
('345','+34610275169','345'),
('346','+34610460685','346'),
('347','+34610998056','347'),
('348','+34610575554','348'),
('349','+34610346627','349'),
('350','+34610537726','350'),
('351','+34610509443','351'),
('352','+34610773378','352'),
('353','+34610674177','353'),
('354','+34610538560','354'),
('355','+34610398401','355'),
('356','+34610595082','356'),
('357','+34610421513','357'),
('358','+34610777433','358'),
('359','+34610451255','359'),
('360','+34610654758','360'),
('361','+34610593149','361'),
('362','+34610141456','362'),
('363','+34610489976','363'),
('364','+34610801689','364'),
('365','+34610724187','365'),
('366','+34610242215','366'),
('367','+34610276762','367'),
('368','+34610910013','368'),
('369','+34610167132','369'),
('370','+34610439942','370'),
('371','+34610587386','371'),
('372','+34610885729','372'),
('373','+34610181152','373'),
('374','+34610320593','374'),
('375','+34610153814','375'),
('376','+34610887447','376'),
('377','+34610172091','377'),
('378','+34610791875','378'),
('379','+34610460719','379'),
('380','+34610947777','380'),
('381','+34610713938','381'),
('382','+34610942491','382'),
('383','+34610635601','383'),
('384','+34610449414','384'),
('385','+34610875300','385'),
('386','+34610882442','386'),
('387','+34610230239','387'),
('388','+34610281763','388'),
('389','+34610391326','389'),
('390','+34610758407','390'),
('391','+34610835471','391'),
('392','+34610300006','392'),
('393','+34610828419','393'),
('394','+34610764092','394'),
('395','+34610606314','395'),
('396','+34610417925','396'),
('397','+34610209742','397'),
('398','+34610559744','398'),
('399','+34610769534','399'),
('400','+34610475710','400'),
('401','+34610450085','401'),
('402','+34610298100','402'),
('403','+34610986066','403'),
('404','+34610128972','404'),
('405','+34610202290','405'),
('406','+34610218320','406'),
('407','+34610228707','407'),
('408','+34610462638','408'),
('409','+34610195810','409'),
('410','+34610449091','410'),
('411','+34610675897','411'),
('412','+34610661661','412'),
('413','+34610975318','413'),
('414','+34610322372','414'),
('415','+34610543110','415'),
('416','+34610890017','416'),
('417','+34610341157','417'),
('418','+34610953668','418'),
('419','+34610673958','419'),
('420','+34610169185','420'),
('421','+34610717323','421'),
('422','+34610170987','422'),
('423','+34610964032','423'),
('424','+34610668581','424'),
('425','+34610916494','425'),
('426','+34610937702','426'),
('427','+34610447814','427'),
('428','+34610997077','428'),
('429','+34610207520','429'),
('430','+34610542725','430'),
('431','+34610963139','431'),
('432','+34610813816','432'),
('433','+34610163129','433'),
('434','+34610691858','434'),
('435','+34610828665','435'),
('436','+34610996369','436'),
('437','+34610415480','437'),
('438','+34610885760','438'),
('439','+34610950605','439'),
('440','+34610695111','440'),
('441','+34610298944','441'),
('442','+34610470809','442'),
('443','+34610173704','443'),
('444','+34610888773','444'),
('445','+34610229818','445'),
('446','+34610174167','446'),
('447','+34610217057','447'),
('448','+34610678162','448'),
('449','+34610898960','449'),
('450','+34610525860','450'),
('451','+34610882206','451'),
('452','+34610866505','452'),
('453','+34610841100','453'),
('454','+34610972752','454'),
('455','+34610463512','455'),
('456','+34610505251','456'),
('457','+34610635340','457'),
('458','+34610789404','458'),
('459','+34610283986','459'),
('460','+34610210476','460'),
('461','+34610538463','461'),
('462','+34610435301','462'),
('463','+34610999732','463'),
('464','+34610755564','464'),
('465','+34610424448','465'),
('466','+34610162978','466'),
('467','+34610823358','467'),
('468','+34610196930','468'),
('469','+34610537418','469'),
('470','+34610384748','470'),
('471','+34610696159','471'),
('472','+34610367886','472'),
('473','+34610466086','473'),
('474','+34610400158','474'),
('475','+34610582307','475'),
('476','+34610455206','476'),
('477','+34610553495','477'),
('478','+34610144835','478'),
('479','+34610308216','479'),
('480','+34610637100','480'),
('481','+34610414482','481'),
('482','+34610892566','482'),
('483','+34610915291','483'),
('484','+34610829189','484'),
('485','+34610780624','485'),
('486','+34610903488','486'),
('487','+34610839655','487'),
('488','+34610230985','488'),
('489','+34610597796','489'),
('490','+34610314964','490'),
('491','+34610683475','491'),
('492','+34610901024','492'),
('493','+34610878592','493'),
('494','+34610789939','494'),
('495','+34610423884','495'),
('496','+34610563915','496'),
('497','+34610415495','497'),
('498','+34610460572','498'),
('499','+34610138663','499'),
('500','+34610899336','500'),
('501','+34610541900','501'),
('502','+34610159445','502'),
('503','+34610776901','503'),
('504','+34610404546','504'),
('505','+34610314695','505'),
('506','+34610788278','506'),
('507','+34610284362','507'),
('508','+34610313685','508'),
('509','+34610975109','509'),
('510','+34610894642','510'),
('511','+34610789986','511'),
('512','+34610194898','512'),
('513','+34610520396','513'),
('514','+34610841331','514'),
('515','+34610131277','515'),
('516','+34610819886','516'),
('517','+34610899532','517'),
('518','+34610699152','518'),
('519','+34610454397','519'),
('520','+34610205052','520'),
('521','+34610326423','521'),
('522','+34610254817','522'),
('523','+34610249761','523'),
('524','+34610625243','524'),
('525','+34610773447','525'),
('526','+34610671472','526'),
('527','+34610318792','527'),
('528','+34610778945','528'),
('529','+34610394246','529'),
('530','+34610507445','530'),
('531','+34610236140','531'),
('532','+34610252896','532'),
('533','+34610393861','533'),
('534','+34610686293','534'),
('535','+34610991827','535'),
('536','+34610979185','536'),
('537','+34610272583','537'),
('538','+34610436883','538'),
('539','+34610174163','539'),
('540','+34610335849','540'),
('541','+34610903740','541'),
('542','+34610705029','542'),
('543','+34610240358','543'),
('544','+34610225335','544'),
('545','+34610296273','545'),
('546','+34610136188','546'),
('547','+34610668988','547'),
('548','+34610178972','548'),
('549','+34610378901','549'),
('550','+34610197648','550'),
('551','+34610433033','551'),
('552','+34610341502','552'),
('553','+34610313455','553'),
('554','+34610717188','554'),
('555','+34610966560','555'),
('556','+34610257998','556'),
('557','+34610721217','557'),
('558','+34610805150','558'),
('559','+34610314633','559'),
('560','+34610790907','560'),
('561','+34610630306','561'),
('562','+34610917590','562'),
('563','+34610265188','563'),
('564','+34610911852','564'),
('565','+34610806722','565'),
('566','+34610285170','566'),
('567','+34610620660','567'),
('568','+34610473722','568'),
('569','+34610408316','569'),
('570','+34610547379','570'),
('571','+34610199570','571'),
('572','+34610595272','572'),
('573','+34610610347','573'),
('574','+34610834337','574'),
('575','+34610460973','575'),
('576','+34610948247','576'),
('577','+34610534978','577'),
('578','+34610474329','578'),
('579','+34610392171','579'),
('580','+34610613705','580'),
('581','+34610320511','581'),
('582','+34610828379','582'),
('583','+34610744531','583'),
('584','+34610705918','584'),
('585','+34610608198','585'),
('586','+34610807608','586'),
('587','+34610113233','587'),
('588','+34610982683','588'),
('589','+34610659447','589'),
('590','+34610627641','590'),
('591','+34610477683','591'),
('592','+34610393144','592'),
('593','+34610767958','593'),
('594','+34610131251','594'),
('595','+34610325691','595'),
('596','+34610106724','596'),
('597','+34610168777','597'),
('598','+34610528238','598'),
('599','+34610350449','599'),
('600','+34610952145','600'),
('601','+34610972686','601'),
('602','+34610508982','602'),
('603','+34610969976','603'),
('604','+34610711791','604'),
('605','+34610674672','605'),
('606','+34610587909','606'),
('607','+34610151385','607'),
('608','+34610680642','608'),
('609','+34610321982','609'),
('610','+34610980923','610'),
('611','+34610439341','611'),
('612','+34610881084','612'),
('613','+34610597893','613'),
('614','+34610774830','614'),
('615','+34610339672','615'),
('616','+34610532672','616'),
('617','+34610814952','617'),
('618','+34610740081','618'),
('619','+34610780926','619'),
('620','+34610618179','620'),
('621','+34610993574','621'),
('622','+34610337950','622'),
('623','+34610224195','623'),
('624','+34610823490','624'),
('625','+34610652655','625'),
('626','+34610828308','626'),
('627','+34610873438','627'),
('628','+34610849090','628'),
('629','+34610141534','629'),
('630','+34610417132','630'),
('631','+34610921053','631'),
('632','+34610330982','632'),
('633','+34610501622','633'),
('634','+34610190136','634'),
('635','+34610155827','635'),
('636','+34610979742','636'),
('637','+34610719052','637'),
('638','+34610320390','638'),
('639','+34610804849','639'),
('640','+34610925592','640'),
('641','+34610490068','641'),
('642','+34610657996','642'),
('643','+34610872204','643'),
('644','+34610695798','644'),
('645','+34610235997','645'),
('646','+34610801342','646'),
('647','+34610112576','647'),
('648','+34610863983','648'),
('649','+34610572079','649'),
('650','+34610445324','650'),
('651','+34610231356','651'),
('652','+34610427202','652'),
('653','+34610378978','653'),
('654','+34610190819','654'),
('655','+34610161049','655'),
('656','+34610975732','656'),
('657','+34610980657','657'),
('658','+34610147807','658'),
('659','+34610749294','659'),
('660','+34610641982','660'),
('661','+34610229520','661'),
('662','+34610197236','662'),
('663','+34610977369','663'),
('664','+34610375923','664'),
('665','+34610954556','665'),
('666','+34610930560','666'),
('667','+34610805250','667'),
('668','+34610423248','668'),
('669','+34610440490','669'),
('670','+34610781770','670'),
('671','+34610990214','671'),
('672','+34610553615','672'),
('673','+34610740685','673'),
('674','+34610254855','674'),
('675','+34610147027','675'),
('676','+34610402747','676'),
('677','+34610954006','677'),
('678','+34610134178','678'),
('679','+34610467023','679'),
('680','+34610411451','680'),
('681','+34610920597','681'),
('682','+34610317849','682'),
('683','+34610470740','683'),
('684','+34610160274','684'),
('685','+34610420046','685'),
('686','+34610934440','686'),
('687','+34610185220','687'),
('688','+34610874093','688'),
('689','+34610312827','689'),
('690','+34610263250','690'),
('691','+34610741327','691'),
('692','+34610735355','692'),
('693','+34610496559','693'),
('694','+34610507418','694'),
('695','+34610912274','695'),
('696','+34610524856','696'),
('697','+34610953059','697'),
('698','+34610285600','698'),
('699','+34610457421','699'),
('700','+34610151420','700'),
('701','+34610161758','701'),
('702','+34610888644','702'),
('703','+34610922134','703'),
('704','+34610996497','704'),
('705','+34610285114','705'),
('706','+34610177990','706'),
('707','+34610748201','707'),
('708','+34610812846','708'),
('709','+34610389318','709'),
('710','+34610788907','710'),
('711','+34610103791','711'),
('712','+34610193112','712'),
('713','+34610730175','713'),
('714','+34610177454','714'),
('715','+34610867276','715'),
('716','+34610849263','716'),
('717','+34610958086','717'),
('718','+34610859780','718'),
('719','+34610359688','719'),
('720','+34610431471','720'),
('721','+34610732990','721'),
('722','+34610913400','722'),
('723','+34610566761','723'),
('724','+34610580907','724'),
('725','+34610412407','725'),
('726','+34610212092','726'),
('727','+34610184239','727'),
('728','+34610248937','728'),
('729','+34610234738','729'),
('730','+34610413760','730'),
('731','+34610530182','731'),
('732','+34610954076','732'),
('733','+34610129758','733'),
('734','+34610373207','734'),
('735','+34610738000','735'),
('736','+34610962794','736'),
('737','+34610355299','737'),
('738','+34610563783','738'),
('739','+34610738153','739'),
('740','+34610771402','740'),
('741','+34610450033','741'),
('742','+34610388007','742'),
('743','+34610206192','743'),
('744','+34610233755','744'),
('745','+34610545728','745'),
('746','+34610227476','746'),
('747','+34610353520','747'),
('748','+34610199452','748'),
('749','+34610901767','749'),
('750','+34610647367','750'),
('751','+34610366453','751'),
('752','+34610173251','752'),
('753','+34610882606','753'),
('754','+34610793298','754'),
('755','+34610473415','755'),
('756','+34610985495','756'),
('757','+34610129348','757'),
('758','+34610811831','758'),
('759','+34610456977','759'),
('760','+34610788443','760'),
('761','+34610337133','761'),
('762','+34610612560','762'),
('763','+34610766896','763'),
('764','+34610515029','764'),
('765','+34610386255','765'),
('766','+34610877051','766'),
('767','+34610866432','767'),
('768','+34610811611','768'),
('769','+34610230926','769'),
('770','+34610282901','770'),
('771','+34610187602','771'),
('772','+34610590713','772'),
('773','+34610958920','773'),
('774','+34610343448','774'),
('775','+34610936986','775'),
('776','+34610530812','776'),
('777','+34610534621','777'),
('778','+34610258709','778'),
('779','+34610845467','779'),
('780','+34610366566','780'),
('781','+34610601366','781'),
('782','+34610272779','782'),
('783','+34610633995','783'),
('784','+34610243239','784'),
('785','+34610588824','785'),
('786','+34610396053','786'),
('787','+34610315827','787'),
('788','+34610309235','788'),
('789','+34610924620','789'),
('790','+34610277796','790'),
('791','+34610479915','791'),
('792','+34610109429','792'),
('793','+34610705046','793'),
('794','+34610791231','794'),
('795','+34610833736','795'),
('796','+34610332661','796'),
('797','+34610545508','797'),
('798','+34610279087','798'),
('799','+34610352934','799'),
('800','+34610853951','800'),
('801','+34610929551','801'),
('802','+34610600085','802'),
('803','+34610534036','803'),
('804','+34610541718','804'),
('805','+34610865675','805'),
('806','+34610684910','806'),
('807','+34610965902','807'),
('808','+34610844007','808'),
('809','+34610399737','809'),
('810','+34610106816','810'),
('811','+34610911151','811'),
('812','+34610915762','812'),
('813','+34610978936','813'),
('814','+34610697322','814'),
('815','+34610723468','815'),
('816','+34610755870','816'),
('817','+34610762544','817'),
('818','+34610485728','818'),
('819','+34610240085','819'),
('820','+34610816514','820'),
('821','+34610948584','821'),
('822','+34610989120','822'),
('823','+34610821911','823'),
('824','+34610407846','824'),
('825','+34610798751','825'),
('826','+34610996234','826'),
('827','+34610552514','827'),
('828','+34610154603','828'),
('829','+34610922402','829'),
('830','+34610230378','830'),
('831','+34610930564','831'),
('832','+34610913456','832'),
('833','+34610743577','833'),
('834','+34610308632','834'),
('835','+34610867857','835'),
('836','+34610320583','836'),
('837','+34610923695','837'),
('838','+34610140471','838'),
('839','+34610730396','839'),
('840','+34610841723','840'),
('841','+34610118324','841'),
('842','+34610508607','842'),
('843','+34610579611','843'),
('844','+34610487773','844'),
('845','+34610390665','845'),
('846','+34610533917','846'),
('847','+34610336845','847'),
('848','+34610779410','848'),
('849','+34610848686','849'),
('850','+34610338104','850'),
('851','+34610474560','851'),
('852','+34610158994','852'),
('853','+34610470054','853'),
('854','+34610737422','854'),
('855','+34610506859','855'),
('856','+34610158879','856'),
('857','+34610494369','857'),
('858','+34610327757','858'),
('859','+34610721347','859'),
('860','+34610296241','860'),
('861','+34610165535','861'),
('862','+34610948426','862'),
('863','+34610566243','863'),
('864','+34610135654','864'),
('865','+34610475301','865'),
('866','+34610879186','866'),
('867','+34610942186','867'),
('868','+34610169077','868'),
('869','+34610269893','869'),
('870','+34610899510','870'),
('871','+34610521547','871'),
('872','+34610666779','872'),
('873','+34610685071','873'),
('874','+34610481733','874'),
('875','+34610437560','875'),
('876','+34610603599','876'),
('877','+34610623044','877'),
('878','+34610885816','878'),
('879','+34610137988','879'),
('880','+34610141433','880'),
('881','+34610272452','881'),
('882','+34610570129','882'),
('883','+34610559201','883'),
('884','+34610781486','884'),
('885','+34610844229','885'),
('886','+34610514657','886'),
('887','+34610471298','887'),
('888','+34610873364','888'),
('889','+34610118444','889'),
('890','+34610871315','890'),
('891','+34610173215','891'),
('892','+34610887242','892'),
('893','+34610423312','893'),
('894','+34610417868','894'),
('895','+34610522092','895'),
('896','+34610535483','896'),
('897','+34610356438','897'),
('898','+34610881627','898'),
('899','+34610197890','899'),
('900','+34610744967','900'),
('901','+34610404749','901'),
('902','+34610816928','902'),
('903','+34610214708','903'),
('904','+34610304718','904'),
('905','+34610359995','905'),
('906','+34610500588','906'),
('907','+34610356285','907'),
('908','+34610995532','908'),
('909','+34610582536','909'),
('910','+34610438415','910'),
('911','+34610455836','911'),
('912','+34610434304','912'),
('913','+34610469597','913'),
('914','+34610546876','914'),
('915','+34610574550','915'),
('916','+34610631396','916'),
('917','+34610313787','917'),
('918','+34610944141','918'),
('919','+34610332400','919'),
('920','+34610504263','920'),
('921','+34610672331','921'),
('922','+34610680447','922'),
('923','+34610613497','923'),
('924','+34610541811','924'),
('925','+34610535504','925'),
('926','+34610891495','926'),
('927','+34610260432','927'),
('928','+34610318602','928'),
('929','+34610217050','929'),
('930','+34610744345','930'),
('931','+34610323976','931'),
('932','+34610937838','932'),
('933','+34610833809','933'),
('934','+34610852199','934'),
('935','+34610819266','935'),
('936','+34610574962','936'),
('937','+34610169175','937'),
('938','+34610574865','938'),
('939','+34610966473','939'),
('940','+34610421980','940'),
('941','+34610137006','941'),
('942','+34610896324','942'),
('943','+34610748443','943'),
('944','+34610664451','944'),
('945','+34610921766','945'),
('946','+34610508594','946'),
('947','+34610279172','947'),
('948','+34610570805','948'),
('949','+34610104153','949'),
('950','+34610155436','950'),
('951','+34610620392','951'),
('952','+34610471383','952'),
('953','+34610534710','953'),
('954','+34610528643','954'),
('955','+34610896645','955'),
('956','+34610386097','956'),
('957','+34610890142','957'),
('958','+34610201258','958'),
('959','+34610140009','959'),
('960','+34610803911','960'),
('961','+34610677833','961'),
('962','+34610159142','962'),
('963','+34610650109','963'),
('964','+34610583171','964'),
('965','+34610665310','965'),
('966','+34610797029','966'),
('967','+34610577570','967'),
('968','+34610698548','968'),
('969','+34610176554','969'),
('970','+34610706187','970'),
('971','+34610961233','971'),
('972','+34610875930','972'),
('973','+34610778614','973'),
('974','+34610496023','974'),
('975','+34610143735','975'),
('976','+34610700397','976'),
('977','+34610772492','977'),
('978','+34610143710','978'),
('979','+34610945368','979'),
('980','+34610536350','980'),
('981','+34610459177','981'),
('982','+34610377682','982'),
('983','+34610761554','983'),
('984','+34610225175','984'),
('985','+34610986140','985'),
('986','+34610636253','986'),
('987','+34610659071','987'),
('988','+34610807560','988'),
('989','+34610926271','989'),
('990','+34610605940','990'),
('991','+34610930958','991'),
('992','+34610458172','992'),
('993','+34610795985','993'),
('994','+34610642765','994'),
('995','+34610122307','995'),
('996','+34610682732','996'),
('997','+34610804720','997'),
('998','+34610150367','998'),
('999','+34610454855','999'),
('1000','+34610257686','1000'),
('1001','+34610430298','550'),
('1002','+34610973064','799'),
('1003','+34610863035','205'),
('1004','+34610320649','548'),
('1005','+34610437013','15'),
('1006','+34610737488','816'),
('1007','+34610766627','498'),
('1008','+34610167665','280'),
('1009','+34610306814','191'),
('1010','+34610379115','929'),
('1011','+34610360947','885'),
('1012','+34610700993','316'),
('1013','+34610413744','643'),
('1014','+34610226612','355'),
('1015','+34610662361','645'),
('1016','+34610147187','947'),
('1017','+34610280201','642'),
('1018','+34610500419','105'),
('1019','+34610648010','24'),
('1020','+34610744869','551'),
('1021','+34610814396','756'),
('1022','+34610965981','223'),
('1023','+34610113204','508'),
('1024','+34610723660','494'),
('1025','+34610200043','474'),
('1026','+34610492670','839'),
('1027','+34610631725','114'),
('1028','+34610799409','902'),
('1029','+34610530969','576'),
('1030','+34610542025','171'),
('1031','+34610724818','584'),
('1032','+34610951145','957'),
('1033','+34610254858','521'),
('1034','+34610448711','194'),
('1035','+34610457994','90'),
('1036','+34610214391','812'),
('1037','+34610306779','6'),
('1038','+34610520517','581'),
('1039','+34610210782','119'),
('1040','+34610608507','795'),
('1041','+34610350856','568'),
('1042','+34610616097','899'),
('1043','+34610234353','278'),
('1044','+34610947672','608'),
('1045','+34610709621','424'),
('1046','+34610134486','966'),
('1047','+34610537941','22'),
('1048','+34610727279','106'),
('1049','+34610331115','808'),
('1050','+34610325151','59'),
('1051','+34610455392','266'),
('1052','+34610617426','95'),
('1053','+34610266677','578'),
('1054','+34610427209','895'),
('1055','+34610899125','105'),
('1056','+34610938977','771'),
('1057','+34610484483','679'),
('1058','+34610779932','469'),
('1059','+34610602507','472'),
('1060','+34610263860','987'),
('1061','+34610517064','535'),
('1062','+34610175716','333'),
('1063','+34610892810','83'),
('1064','+34610154378','604'),
('1065','+34610770536','908'),
('1066','+34610672371','663'),
('1067','+34610432094','897'),
('1068','+34610191084','449'),
('1069','+34610608690','557'),
('1070','+34610743197','983'),
('1071','+34610228811','402'),
('1072','+34610338039','858'),
('1073','+34610751026','144'),
('1074','+34610942338','994'),
('1075','+34610774186','219'),
('1076','+34610132406','206'),
('1077','+34610489041','616'),
('1078','+34610588093','374'),
('1079','+34610708299','570'),
('1080','+34610507628','424'),
('1081','+34610392935','101'),
('1082','+34610988718','558'),
('1083','+34610788248','93'),
('1084','+34610832479','156'),
('1085','+34610546231','776'),
('1086','+34610908170','558'),
('1087','+34610106343','458'),
('1088','+34610865936','855'),
('1089','+34610820392','717'),
('1090','+34610875556','890'),
('1091','+34610881089','838'),
('1092','+34610843425','886'),
('1093','+34610415876','444'),
('1094','+34610472288','276'),
('1095','+34610119173','371'),
('1096','+34610228798','811'),
('1097','+34610165711','289'),
('1098','+34610947221','463'),
('1099','+34610715428','705'),
('1100','+34610401189','288'),
('1101','+34610706277','643'),
('1102','+34610488226','5'),
('1103','+34610558321','810'),
('1104','+34610118292','564'),
('1105','+34610580997','806'),
('1106','+34610647871','152'),
('1107','+34610151717','553'),
('1108','+34610146621','962'),
('1109','+34610859759','896'),
('1110','+34610130675','201'),
('1111','+34610166688','885'),
('1112','+34610934341','577'),
('1113','+34610223186','348'),
('1114','+34610547091','731'),
('1115','+34610390523','465'),
('1116','+34610312721','991'),
('1117','+34610434430','431'),
('1118','+34610564057','858'),
('1119','+34610182258','487'),
('1120','+34610210059','516'),
('1121','+34610101570','205'),
('1122','+34610404182','655'),
('1123','+34610714278','331'),
('1124','+34610693671','757'),
('1125','+34610448499','394'),
('1126','+34610593341','406');